target_id,outer_fold,method,selected_k,adaptive_k,selected_receptor_ids,test_bedroc_alpha_20,test_roc_auc,test_pr_auc_average_precision,test_EF1%,test_EF5%,test_EF10%
MK14,1,qubo,2,2,1DI9+1KV2,0.7169525122667242,0.7369791666666666,0.5245910347768702,5.0,5.0,2.9166666666666665
MK14,1,linear,2,2,1DI9+1KV2,0.7169525122667242,0.7369791666666666,0.5245910347768702,5.0,5.0,2.9166666666666665
MK14,1,greedy,2,2,1DI9+1KV2,0.7169525122667242,0.7369791666666666,0.5245910347768702,5.0,5.0,2.9166666666666665
MK14,1,single,1,2,1KV2,0.6327511513803628,0.7033420138888888,0.4715873541539119,5.0,4.166666666666667,2.5
MK14,2,qubo,1,1,1KV2,0.5253509755883277,0.724609375,0.4267052026713278,5.0,3.333333333333333,2.0833333333333335
MK14,2,linear,1,1,1KV2,0.5253509755883277,0.724609375,0.4267052026713278,5.0,3.333333333333333,2.0833333333333335
MK14,2,greedy,1,1,1KV2,0.5253509755883277,0.724609375,0.4267052026713278,5.0,3.333333333333333,2.0833333333333335
MK14,2,single,1,1,1KV2,0.5253509755883277,0.724609375,0.4267052026713278,5.0,3.333333333333333,2.0833333333333335
MK14,3,qubo,2,2,1DI9+1KV2,0.8697201297439036,0.8524305555555556,0.70233813459318,5.0,5.0,4.583333333333333
MK14,3,linear,2,2,1KV2+1W83,0.6913621047564913,0.7829861111111112,0.5479330995496572,5.0,3.333333333333333,3.333333333333333
MK14,3,greedy,2,2,1DI9+1KV2,0.8697201297439036,0.8524305555555556,0.70233813459318,5.0,5.0,4.583333333333333
MK14,3,single,1,2,1KV2,0.7149673345573841,0.8166232638888888,0.5983298741831511,5.0,3.333333333333333,3.75
MK14,4,qubo,2,2,1DI9+1KV2,0.6857465029039418,0.8611111111111112,0.6042485824435665,5.0,3.333333333333333,2.9166666666666665
MK14,4,linear,2,2,1DI9+1KV2,0.6857465029039418,0.8611111111111112,0.6042485824435665,5.0,3.333333333333333,2.9166666666666665
MK14,4,greedy,2,2,1DI9+1KV2,0.6857465029039418,0.8611111111111112,0.6042485824435665,5.0,3.333333333333333,2.9166666666666665
MK14,4,single,1,2,1KV2,0.6884722737250594,0.8170572916666666,0.5664240809639508,5.0,4.166666666666667,2.5
MK14,5,qubo,1,1,1KV2,0.8173357314435942,0.7105034722222222,0.5850408350374027,5.0,5.0,3.75
MK14,5,linear,1,1,1KV2,0.8173357314435942,0.7105034722222222,0.5850408350374027,5.0,5.0,3.75
MK14,5,greedy,1,1,1KV2,0.8173357314435942,0.7105034722222222,0.5850408350374027,5.0,5.0,3.75
MK14,5,single,1,1,1KV2,0.8173357314435942,0.7105034722222222,0.5850408350374027,5.0,5.0,3.75
BACE1,1,qubo,1,1,2QMF,0.6277756969916076,0.6970486111111112,0.46775894802603735,2.5,3.333333333333333,2.9166666666666665
BACE1,1,linear,1,1,2QMF,0.6277756969916076,0.6970486111111112,0.46775894802603735,2.5,3.333333333333333,2.9166666666666665
BACE1,1,greedy,1,1,2QMF,0.6277756969916076,0.6970486111111112,0.46775894802603735,2.5,3.333333333333333,2.9166666666666665
BACE1,1,single,1,1,2QMF,0.6277756969916076,0.6970486111111112,0.46775894802603735,2.5,3.333333333333333,2.9166666666666665
BACE1,2,qubo,1,1,2QMF,0.736072920166482,0.7907986111111112,0.594439214192815,2.5,4.166666666666667,3.333333333333333
BACE1,2,linear,1,1,2QMF,0.736072920166482,0.7907986111111112,0.594439214192815,2.5,4.166666666666667,3.333333333333333
BACE1,2,greedy,1,1,2QMF,0.736072920166482,0.7907986111111112,0.594439214192815,2.5,4.166666666666667,3.333333333333333
BACE1,2,single,1,1,2QMF,0.736072920166482,0.7907986111111112,0.594439214192815,2.5,4.166666666666667,3.333333333333333
BACE1,3,qubo,2,2,2QMF+2VKM,0.8659837493041791,0.8389756944444444,0.692792378251267,5.0,5.0,4.166666666666667
BACE1,3,linear,2,2,2QMF+2VKM,0.8659837493041791,0.8389756944444444,0.692792378251267,5.0,5.0,4.166666666666667
BACE1,3,greedy,2,2,2QMF+2VKM,0.8659837493041791,0.8389756944444444,0.692792378251267,5.0,5.0,4.166666666666667
BACE1,3,single,1,2,2QMF,0.9382353619618987,0.8982204861111112,0.8039317412691238,5.0,5.0,5.0
BACE1,4,qubo,1,1,2QMF,0.8744726605914288,0.8546006944444444,0.7493313505761905,5.0,4.166666666666667,4.583333333333333
BACE1,4,linear,1,1,2QMF,0.8744726605914288,0.8546006944444444,0.7493313505761905,5.0,4.166666666666667,4.583333333333333
BACE1,4,greedy,1,1,2QMF,0.8744726605914288,0.8546006944444444,0.7493313505761905,5.0,4.166666666666667,4.583333333333333
BACE1,4,single,1,1,2QMF,0.8744726605914288,0.8546006944444444,0.7493313505761905,5.0,4.166666666666667,4.583333333333333
BACE1,5,qubo,1,1,2QMF,0.6916360676870922,0.6740451388888888,0.5077501591669878,5.0,4.166666666666667,2.5
BACE1,5,linear,1,1,2QMF,0.6916360676870922,0.6740451388888888,0.5077501591669878,5.0,4.166666666666667,2.5
BACE1,5,greedy,1,1,2QMF,0.6916360676870922,0.6740451388888888,0.5077501591669878,5.0,4.166666666666667,2.5
BACE1,5,single,1,1,2QMF,0.6916360676870922,0.6740451388888888,0.5077501591669878,5.0,4.166666666666667,2.5
ESR1,1,qubo,1,1,2JF9,0.6692900466542457,0.8530815972222222,0.6072993891937508,5.0,2.5,3.333333333333333
ESR1,1,linear,1,1,2JF9,0.6692900466542457,0.8530815972222222,0.6072993891937508,5.0,2.5,3.333333333333333
ESR1,1,greedy,1,1,2JF9,0.6692900466542457,0.8530815972222222,0.6072993891937508,5.0,2.5,3.333333333333333
ESR1,1,single,1,1,2JF9,0.6692900466542457,0.8530815972222222,0.6072993891937508,5.0,2.5,3.333333333333333
ESR1,2,qubo,1,1,2JF9,0.8991133770505579,0.8728298611111112,0.7484319128183922,5.0,5.0,4.166666666666667
ESR1,2,linear,1,1,2JF9,0.8991133770505579,0.8728298611111112,0.7484319128183922,5.0,5.0,4.166666666666667
ESR1,2,greedy,1,1,2JF9,0.8991133770505579,0.8728298611111112,0.7484319128183922,5.0,5.0,4.166666666666667
ESR1,2,single,1,1,2JF9,0.8991133770505579,0.8728298611111112,0.7484319128183922,5.0,5.0,4.166666666666667
ESR1,3,qubo,1,1,2JF9,0.8290180143010766,0.8259548611111112,0.6635246619183774,5.0,5.0,3.333333333333333
ESR1,3,linear,1,1,2JF9,0.8290180143010766,0.8259548611111112,0.6635246619183774,5.0,5.0,3.333333333333333
ESR1,3,greedy,1,1,2JF9,0.8290180143010766,0.8259548611111112,0.6635246619183774,5.0,5.0,3.333333333333333
ESR1,3,single,1,1,2JF9,0.8290180143010766,0.8259548611111112,0.6635246619183774,5.0,5.0,3.333333333333333
ESR1,4,qubo,2,2,1SJ0+2JF9,0.9495440938457311,0.9014756944444444,0.8212011219994607,5.0,5.0,5.0
ESR1,4,linear,2,2,1SJ0+2JF9,0.9495440938457311,0.9014756944444444,0.8212011219994607,5.0,5.0,5.0
ESR1,4,greedy,2,2,1SJ0+2JF9,0.9495440938457311,0.9014756944444444,0.8212011219994607,5.0,5.0,5.0
ESR1,4,single,1,2,1SJ0,0.8539753481385142,0.8585069444444444,0.6929824502286787,5.0,5.0,4.166666666666667
ESR1,5,qubo,2,2,1SJ0+2JF9,0.7665830707879484,0.7578125,0.570999391148962,5.0,5.0,3.333333333333333
ESR1,5,linear,2,2,1SJ0+2JF9,0.7665830707879484,0.7578125,0.570999391148962,5.0,5.0,3.333333333333333
ESR1,5,greedy,2,2,1SJ0+2JF9,0.7665830707879484,0.7578125,0.570999391148962,5.0,5.0,3.333333333333333
ESR1,5,single,1,2,1SJ0,0.6815898012766294,0.7493489583333334,0.5169917803611569,5.0,4.166666666666667,2.9166666666666665
PPARA,1,qubo,4,4,2NPA+2P54+3KDU+4BCR,0.9778618455585399,0.9943576388888888,0.9703021875190486,5.0,5.0,4.583333333333333
PPARA,1,linear,4,4,2NPA+2P54+3KDU+4BCR,0.9778618455585399,0.9943576388888888,0.9703021875190486,5.0,5.0,4.583333333333333
PPARA,1,greedy,4,4,2NPA+2P54+3KDU+4BCR,0.9778618455585399,0.9943576388888888,0.9703021875190486,5.0,5.0,4.583333333333333
PPARA,1,single,1,4,3KDU,0.9936663769630562,0.9969618055555556,0.9866312458517834,5.0,5.0,5.0
PPARA,2,qubo,3,3,2NPA+3KDU+4BCR,0.7799915140243038,0.8532986111111112,0.6795130843144408,2.5,4.166666666666667,4.166666666666667
PPARA,2,linear,3,3,2NPA+3KDU+4BCR,0.7799915140243038,0.8532986111111112,0.6795130843144408,2.5,4.166666666666667,4.166666666666667
PPARA,2,greedy,3,3,2NPA+3KDU+4BCR,0.7799915140243038,0.8532986111111112,0.6795130843144408,2.5,4.166666666666667,4.166666666666667
PPARA,2,single,1,3,3KDU,0.6138543282105393,0.8684895833333334,0.6043416687881757,2.5,2.5,3.333333333333333
PPARA,3,qubo,2,2,2P54+3KDU,0.2743007632851777,0.7330729166666666,0.34213214723134294,0.0,1.6666666666666665,1.6666666666666665
PPARA,3,linear,2,2,2P54+3KDU,0.2743007632851777,0.7330729166666666,0.34213214723134294,0.0,1.6666666666666665,1.6666666666666665
PPARA,3,greedy,2,2,2NPA+2P54,0.353156779223079,0.7352430555555556,0.37283532082363585,2.5,1.6666666666666665,1.6666666666666665
PPARA,3,single,1,2,2P54,0.23290099810298504,0.7417534722222222,0.34807722121615403,0.0,0.8333333333333333,1.25
PPARA,4,qubo,4,4,2NPA+2P54+2REW+4BCR,0.6410113802142844,0.8637152777777778,0.6110808563881435,0.0,3.333333333333333,3.75
PPARA,4,linear,4,4,2NPA+2P54+2REW+3KDU,0.6519996650338652,0.8776041666666666,0.6319642950076156,2.5,3.333333333333333,3.75
PPARA,4,greedy,4,4,2NPA+2P54+2REW+4BCR,0.6410113802142844,0.8637152777777778,0.6110808563881435,0.0,3.333333333333333,3.75
PPARA,4,single,1,4,2REW,0.3850589928327276,0.8365885416666666,0.4669146805951862,0.0,1.6666666666666665,2.0833333333333335
PPARA,5,qubo,1,1,2NPA,0.5263145043368187,0.82421875,0.5027985933582443,5.0,2.5,2.5
PPARA,5,linear,1,1,2NPA,0.5263145043368187,0.82421875,0.5027985933582443,5.0,2.5,2.5
PPARA,5,greedy,1,1,2NPA,0.5263145043368187,0.82421875,0.5027985933582443,5.0,2.5,2.5
PPARA,5,single,1,1,2NPA,0.5263145043368187,0.82421875,0.5027985933582443,5.0,2.5,2.5
PPARG,1,qubo,1,1,1FM9,0.4714759228950016,0.6085069444444444,0.3496887150899473,2.5,3.333333333333333,1.6666666666666665
PPARG,1,linear,1,1,1FM9,0.4714759228950016,0.6085069444444444,0.3496887150899473,2.5,3.333333333333333,1.6666666666666665
PPARG,1,greedy,1,1,1FM9,0.4714759228950016,0.6085069444444444,0.3496887150899473,2.5,3.333333333333333,1.6666666666666665
PPARG,1,single,1,1,1FM9,0.4714759228950016,0.6085069444444444,0.3496887150899473,2.5,3.333333333333333,1.6666666666666665
PPARG,2,qubo,1,1,1FM9,0.6214415325178212,0.7892795138888888,0.5158900595567876,5.0,3.333333333333333,2.5
PPARG,2,linear,1,1,1FM9,0.6214415325178212,0.7892795138888888,0.5158900595567876,5.0,3.333333333333333,2.5
PPARG,2,greedy,1,1,1FM9,0.6214415325178212,0.7892795138888888,0.5158900595567876,5.0,3.333333333333333,2.5
PPARG,2,single,1,1,1FM9,0.6214415325178212,0.7892795138888888,0.5158900595567876,5.0,3.333333333333333,2.5
PPARG,3,qubo,2,2,1FM9+1RDT,0.40977166111207164,0.7456597222222222,0.3862076477180778,2.5,1.6666666666666665,2.5
PPARG,3,linear,2,2,1FM9+1K74,0.45402284125479014,0.7287326388888888,0.40753247219617356,5.0,1.6666666666666665,2.0833333333333335
PPARG,3,greedy,2,2,1FM9+2GTK,0.5476151888987184,0.7667100694444444,0.46813200816539596,2.5,3.333333333333333,2.9166666666666665
PPARG,3,single,1,2,1FM9,0.4098516330679217,0.7354600694444444,0.3982283637781392,2.5,1.6666666666666665,1.6666666666666665
PPARG,4,qubo,3,3,1FM9+1RDT+2GTK,0.7300936081738224,0.8038194444444444,0.5876974413147139,5.0,4.166666666666667,3.333333333333333
PPARG,4,linear,3,3,1FM9+1K74+1RDT,0.6122610667883407,0.8133680555555556,0.5346580415200863,2.5,3.333333333333333,2.9166666666666665
PPARG,4,greedy,3,3,1FM9+1RDT+2GTK,0.7300936081738224,0.8038194444444444,0.5876974413147139,5.0,4.166666666666667,3.333333333333333
PPARG,4,single,1,3,1RDT,0.45917878682304153,0.7886284722222222,0.4567453405440854,2.5,2.5,2.0833333333333335
PPARG,5,qubo,1,1,1FM9,0.647926233587466,0.7513020833333334,0.5092848233811061,5.0,3.333333333333333,3.75
PPARG,5,linear,1,1,1FM9,0.647926233587466,0.7513020833333334,0.5092848233811061,5.0,3.333333333333333,3.75
PPARG,5,greedy,1,1,1FM9,0.647926233587466,0.7513020833333334,0.5092848233811061,5.0,3.333333333333333,3.75
PPARG,5,single,1,1,1FM9,0.647926233587466,0.7513020833333334,0.5092848233811061,5.0,3.333333333333333,3.75
