target_id,comparison,metric,mean_delta,worst_fold_delta,best_fold_delta,positive_fold_fraction,fold_deltas
BACE1,qubo_minus_single,bedroc_alpha_20,-0.014450322531543925,-0.07225161265771962,0.0,0.0,0.000000|0.000000|-0.072252|0.000000|0.000000
BACE1,qubo_minus_single,roc_auc,-0.011848958333333348,-0.05924479166666674,0.0,0.0,0.000000|0.000000|-0.059245|0.000000|0.000000
BACE1,qubo_minus_single,pr_auc_average_precision,-0.022227872603571352,-0.11113936301785676,0.0,0.0,0.000000|0.000000|-0.111139|0.000000|0.000000
BACE1,qubo_minus_single,EF1%,0.0,0.0,0.0,0.0,0.000000|0.000000|0.000000|0.000000|0.000000
BACE1,qubo_minus_single,EF5%,0.0,0.0,0.0,0.0,0.000000|0.000000|0.000000|0.000000|0.000000
BACE1,qubo_minus_single,EF10%,-0.1666666666666666,-0.833333333333333,0.0,0.0,0.000000|0.000000|-0.833333|0.000000|0.000000
BACE1,qubo_minus_linear,bedroc_alpha_20,0.0,0.0,0.0,0.0,0.000000|0.000000|0.000000|0.000000|0.000000
BACE1,qubo_minus_linear,roc_auc,0.0,0.0,0.0,0.0,0.000000|0.000000|0.000000|0.000000|0.000000
BACE1,qubo_minus_linear,pr_auc_average_precision,0.0,0.0,0.0,0.0,0.000000|0.000000|0.000000|0.000000|0.000000
BACE1,qubo_minus_linear,EF1%,0.0,0.0,0.0,0.0,0.000000|0.000000|0.000000|0.000000|0.000000
BACE1,qubo_minus_linear,EF5%,0.0,0.0,0.0,0.0,0.000000|0.000000|0.000000|0.000000|0.000000
BACE1,qubo_minus_linear,EF10%,0.0,0.0,0.0,0.0,0.000000|0.000000|0.000000|0.000000|0.000000
BACE1,qubo_minus_greedy,bedroc_alpha_20,0.0,0.0,0.0,0.0,0.000000|0.000000|0.000000|0.000000|0.000000
BACE1,qubo_minus_greedy,roc_auc,0.0,0.0,0.0,0.0,0.000000|0.000000|0.000000|0.000000|0.000000
BACE1,qubo_minus_greedy,pr_auc_average_precision,0.0,0.0,0.0,0.0,0.000000|0.000000|0.000000|0.000000|0.000000
BACE1,qubo_minus_greedy,EF1%,0.0,0.0,0.0,0.0,0.000000|0.000000|0.000000|0.000000|0.000000
BACE1,qubo_minus_greedy,EF5%,0.0,0.0,0.0,0.0,0.000000|0.000000|0.000000|0.000000|0.000000
BACE1,qubo_minus_greedy,EF10%,0.0,0.0,0.0,0.0,0.000000|0.000000|0.000000|0.000000|0.000000
ESR1,qubo_minus_single,bedroc_alpha_20,0.0361124030437072,0.0,0.09556874570721696,0.4,0.000000|0.000000|0.000000|0.095569|0.084993
ESR1,qubo_minus_single,roc_auc,0.010286458333333326,0.0,0.04296875,0.4,0.000000|0.000000|0.000000|0.042969|0.008464
ESR1,qubo_minus_single,pr_auc_average_precision,0.03644525651171744,0.0,0.12821867177078206,0.4,0.000000|0.000000|0.000000|0.128219|0.054008
ESR1,qubo_minus_single,EF1%,0.0,0.0,0.0,0.0,0.000000|0.000000|0.000000|0.000000|0.000000
ESR1,qubo_minus_single,EF5%,0.1666666666666666,0.0,0.833333333333333,0.2,0.000000|0.000000|0.000000|0.000000|0.833333
ESR1,qubo_minus_single,EF10%,0.24999999999999992,0.0,0.833333333333333,0.4,0.000000|0.000000|0.000000|0.833333|0.416667
ESR1,qubo_minus_linear,bedroc_alpha_20,0.0,0.0,0.0,0.0,0.000000|0.000000|0.000000|0.000000|0.000000
ESR1,qubo_minus_linear,roc_auc,0.0,0.0,0.0,0.0,0.000000|0.000000|0.000000|0.000000|0.000000
ESR1,qubo_minus_linear,pr_auc_average_precision,0.0,0.0,0.0,0.0,0.000000|0.000000|0.000000|0.000000|0.000000
ESR1,qubo_minus_linear,EF1%,0.0,0.0,0.0,0.0,0.000000|0.000000|0.000000|0.000000|0.000000
ESR1,qubo_minus_linear,EF5%,0.0,0.0,0.0,0.0,0.000000|0.000000|0.000000|0.000000|0.000000
ESR1,qubo_minus_linear,EF10%,0.0,0.0,0.0,0.0,0.000000|0.000000|0.000000|0.000000|0.000000
ESR1,qubo_minus_greedy,bedroc_alpha_20,0.0,0.0,0.0,0.0,0.000000|0.000000|0.000000|0.000000|0.000000
ESR1,qubo_minus_greedy,roc_auc,0.0,0.0,0.0,0.0,0.000000|0.000000|0.000000|0.000000|0.000000
ESR1,qubo_minus_greedy,pr_auc_average_precision,0.0,0.0,0.0,0.0,0.000000|0.000000|0.000000|0.000000|0.000000
ESR1,qubo_minus_greedy,EF1%,0.0,0.0,0.0,0.0,0.000000|0.000000|0.000000|0.000000|0.000000
ESR1,qubo_minus_greedy,EF5%,0.0,0.0,0.0,0.0,0.000000|0.000000|0.000000|0.000000|0.000000
ESR1,qubo_minus_greedy,EF10%,0.0,0.0,0.0,0.0,0.000000|0.000000|0.000000|0.000000|0.000000
MK14,qubo_minus_single,bedroc_alpha_20,0.04724567705035265,-0.002725770821117579,0.1547527951865194,0.4,0.084201|0.000000|0.154753|-0.002726|0.000000
MK14,qubo_minus_single,roc_auc,0.02269965277777781,0.0,0.04405381944444453,0.6,0.033637|0.000000|0.035807|0.044054|0.000000
MK14,qubo_minus_single,pr_auc_average_precision,0.03896728850252057,0.0,0.10400826041002886,0.6,0.053004|0.000000|0.104008|0.037825|0.000000
MK14,qubo_minus_single,EF1%,0.0,0.0,0.0,0.0,0.000000|0.000000|0.000000|0.000000|0.000000
MK14,qubo_minus_single,EF5%,0.3333333333333332,-0.8333333333333339,1.666666666666667,0.4,0.833333|0.000000|1.666667|-0.833333|0.000000
MK14,qubo_minus_single,EF10%,0.3333333333333332,0.0,0.833333333333333,0.6,0.416667|0.000000|0.833333|0.416667|0.000000
MK14,qubo_minus_linear,bedroc_alpha_20,0.03567160499748245,0.0,0.17835802498741227,0.2,0.000000|0.000000|0.178358|0.000000|0.000000
MK14,qubo_minus_linear,roc_auc,0.013888888888888885,0.0,0.06944444444444442,0.2,0.000000|0.000000|0.069444|0.000000|0.000000
MK14,qubo_minus_linear,pr_auc_average_precision,0.030881007008704553,0.0,0.15440503504352276,0.2,0.000000|0.000000|0.154405|0.000000|0.000000
MK14,qubo_minus_linear,EF1%,0.0,0.0,0.0,0.0,0.000000|0.000000|0.000000|0.000000|0.000000
MK14,qubo_minus_linear,EF5%,0.33333333333333337,0.0,1.666666666666667,0.2,0.000000|0.000000|1.666667|0.000000|0.000000
MK14,qubo_minus_linear,EF10%,0.25,0.0,1.25,0.2,0.000000|0.000000|1.250000|0.000000|0.000000
MK14,qubo_minus_greedy,bedroc_alpha_20,0.0,0.0,0.0,0.0,0.000000|0.000000|0.000000|0.000000|0.000000
MK14,qubo_minus_greedy,roc_auc,0.0,0.0,0.0,0.0,0.000000|0.000000|0.000000|0.000000|0.000000
MK14,qubo_minus_greedy,pr_auc_average_precision,0.0,0.0,0.0,0.0,0.000000|0.000000|0.000000|0.000000|0.000000
MK14,qubo_minus_greedy,EF1%,0.0,0.0,0.0,0.0,0.000000|0.000000|0.000000|0.000000|0.000000
MK14,qubo_minus_greedy,EF5%,0.0,0.0,0.0,0.0,0.000000|0.000000|0.000000|0.000000|0.000000
MK14,qubo_minus_greedy,EF10%,0.0,0.0,0.0,0.0,0.000000|0.000000|0.000000|0.000000|0.000000
PPARA,qubo_minus_single,bedroc_alpha_20,0.08953696139459955,-0.01580453140451621,0.2559523873815568,0.6,-0.015805|0.166137|0.041400|0.255952|0.000000
PPARA,qubo_minus_single,roc_auc,0.00013020833333332593,-0.01519097222222221,0.02712673611111116,0.2,-0.002604|-0.015191|-0.008681|0.027127|0.000000
PPARA,qubo_minus_single,pr_auc_average_precision,0.039412691800335284,-0.01632905833273479,0.14416617579295726,0.4,-0.016329|0.075171|-0.005945|0.144166|0.000000
PPARA,qubo_minus_single,EF1%,0.0,0.0,0.0,0.0,0.000000|0.000000|0.000000|0.000000|0.000000
PPARA,qubo_minus_single,EF5%,0.8333333333333334,0.0,1.666666666666667,0.6,0.000000|1.666667|0.833333|1.666667|0.000000
PPARA,qubo_minus_single,EF10%,0.5,-0.41666666666666696,1.6666666666666665,0.6,-0.416667|0.833333|0.416667|1.666667|0.000000
PPARA,qubo_minus_linear,bedroc_alpha_20,-0.0021976569639161614,-0.010988284819580807,0.0,0.0,0.000000|0.000000|0.000000|-0.010988|0.000000
PPARA,qubo_minus_linear,roc_auc,-0.002777777777777768,-0.01388888888888884,0.0,0.0,0.000000|0.000000|0.000000|-0.013889|0.000000
PPARA,qubo_minus_linear,pr_auc_average_precision,-0.004176687723894434,-0.020883438619472172,0.0,0.0,0.000000|0.000000|0.000000|-0.020883|0.000000
PPARA,qubo_minus_linear,EF1%,-0.5,-2.5,0.0,0.0,0.000000|0.000000|0.000000|-2.500000|0.000000
PPARA,qubo_minus_linear,EF5%,0.0,0.0,0.0,0.0,0.000000|0.000000|0.000000|0.000000|0.000000
PPARA,qubo_minus_linear,EF10%,0.0,0.0,0.0,0.0,0.000000|0.000000|0.000000|0.000000|0.000000
PPARA,qubo_minus_greedy,bedroc_alpha_20,-0.01577120318758025,-0.07885601593790126,0.0,0.0,0.000000|0.000000|-0.078856|0.000000|0.000000
PPARA,qubo_minus_greedy,roc_auc,-0.0004340277777777901,-0.0021701388888889506,0.0,0.0,0.000000|0.000000|-0.002170|0.000000|0.000000
PPARA,qubo_minus_greedy,pr_auc_average_precision,-0.0061406347184585815,-0.03070317359229291,0.0,0.0,0.000000|0.000000|-0.030703|0.000000|0.000000
PPARA,qubo_minus_greedy,EF1%,-0.5,-2.5,0.0,0.0,0.000000|0.000000|-2.500000|0.000000|0.000000
PPARA,qubo_minus_greedy,EF5%,0.0,0.0,0.0,0.0,0.000000|0.000000|0.000000|0.000000|0.000000
PPARA,qubo_minus_greedy,EF10%,0.0,0.0,0.0,0.0,0.000000|0.000000|0.000000|0.000000|0.000000
PPARG,qubo_minus_single,bedroc_alpha_20,0.05416696987898616,-7.997195585007777e-05,0.2709148213507809,0.2,0.000000|0.000000|-0.000080|0.270915|0.000000
PPARG,qubo_minus_single,roc_auc,0.005078125,0.0,0.01519097222222221,0.4,0.000000|0.000000|0.010200|0.015191|0.000000
PPARG,qubo_minus_single,pr_auc_average_precision,0.023786276942113427,-0.012020716060061387,0.13095210077062852,0.2,0.000000|0.000000|-0.012021|0.130952|0.000000
PPARG,qubo_minus_single,EF1%,0.5,0.0,2.5,0.2,0.000000|0.000000|0.000000|2.500000|0.000000
PPARG,qubo_minus_single,EF5%,0.33333333333333337,0.0,1.666666666666667,0.2,0.000000|0.000000|0.000000|1.666667|0.000000
PPARG,qubo_minus_single,EF10%,0.41666666666666663,0.0,1.2499999999999996,0.4,0.000000|0.000000|0.833333|1.250000|0.000000
PPARG,qubo_minus_linear,bedroc_alpha_20,0.014716272248552643,-0.044251180142718505,0.11783254138548171,0.2,0.000000|0.000000|-0.044251|0.117833|0.000000
PPARG,qubo_minus_linear,roc_auc,0.001475694444444442,-0.00954861111111116,0.01692708333333337,0.2,0.000000|0.000000|0.016927|-0.009549|0.000000
PPARG,qubo_minus_linear,pr_auc_average_precision,0.006342915063306365,-0.02132482447809575,0.05303939979462757,0.2,0.000000|0.000000|-0.021325|0.053039|0.000000
PPARG,qubo_minus_linear,EF1%,0.0,-2.5,2.5,0.2,0.000000|0.000000|-2.500000|2.500000|0.000000
PPARG,qubo_minus_linear,EF5%,0.1666666666666668,0.0,0.8333333333333339,0.2,0.000000|0.000000|0.000000|0.833333|0.000000
PPARG,qubo_minus_linear,EF10%,0.1666666666666666,0.0,0.4166666666666665,0.4,0.000000|0.000000|0.416667|0.416667|0.000000
PPARG,qubo_minus_greedy,bedroc_alpha_20,-0.027568705557329355,-0.13784352778664677,0.0,0.0,0.000000|0.000000|-0.137844|0.000000|0.000000
PPARG,qubo_minus_greedy,roc_auc,-0.004210069444444442,-0.02105034722222221,0.0,0.0,0.000000|0.000000|-0.021050|0.000000|0.000000
PPARG,qubo_minus_greedy,pr_auc_average_precision,-0.016384872089463633,-0.08192436044731816,0.0,0.0,0.000000|0.000000|-0.081924|0.000000|0.000000
PPARG,qubo_minus_greedy,EF1%,0.0,0.0,0.0,0.0,0.000000|0.000000|0.000000|0.000000|0.000000
PPARG,qubo_minus_greedy,EF5%,-0.3333333333333333,-1.6666666666666665,0.0,0.0,0.000000|0.000000|-1.666667|0.000000|0.000000
PPARG,qubo_minus_greedy,EF10%,-0.0833333333333333,-0.4166666666666665,0.0,0.0,0.000000|0.000000|-0.416667|0.000000|0.000000
