target_id,ligand_id,label,selection_role,1M17,1XKK,2ITW,2RGP,3BEL,3POZ,3W2S,3W32,3W33,4G5J,4I23,4JQ7
EGFR,EGFR_active_L000001,active,development_train,-8.889,-9.961,-8.744,-9.819,-10.173,-9.544,-10.371,-9.915,-10.016,-9.138,-8.914,-9.091
EGFR,EGFR_active_L000003,active,development_train,-8.001,-8.643,-8.0,-8.812,-8.892,-8.632,-8.906,-8.691,-8.559,-8.158,-8.154,-8.548
EGFR,EGFR_active_L000004,active,development_train,-8.255,-8.978,-7.701,-8.979,-9.017,-8.572,-9.112,-8.851,-8.881,-8.391,-8.402,-8.427
EGFR,EGFR_active_L000005,active,development_train,-8.661,-9.678,-7.681,-9.539,-9.567,-9.951,-9.77,-9.993,-10.067,-7.405,-8.36,-8.35
EGFR,EGFR_active_L000008,active,development_train,-8.752,-9.835,-8.45,-9.838,-9.574,-9.976,-9.216,-9.961,-9.674,-8.67,-9.097,-8.866
EGFR,EGFR_active_L000009,active,development_train,-8.669,-9.91,-7.902,-9.9,-9.815,-9.725,-9.659,-10.27,-9.73,-8.494,-8.822,-8.562
EGFR,EGFR_active_L000010,active,development_train,-8.81,-8.912,-7.94,-8.732,-8.769,-9.007,-8.886,-9.106,-9.054,-7.818,-7.777,-8.219
EGFR,EGFR_active_L000021,active,development_train,-7.896,-8.475,-7.768,-8.688,-8.708,-8.342,-8.939,-8.604,-8.806,-8.007,-8.112,-8.155
EGFR,EGFR_active_L000029,active,development_train,-7.566,-9.222,-7.706,-9.077,-9.19,-9.151,-9.024,-9.035,-8.919,-7.672,-7.757,-8.062
EGFR,EGFR_active_L000030,active,development_train,-7.771,-8.947,-7.953,-9.114,-9.044,-9.147,-8.934,-9.436,-9.635,-7.565,-7.693,-7.897
EGFR,EGFR_active_L000031,active,development_train,-8.057,-8.806,-7.598,-9.332,-9.197,-8.705,-8.633,-9.157,-8.346,-7.856,-7.895,-8.004
EGFR,EGFR_active_L000032,active,development_train,-8.181,-8.901,-8.013,-9.325,-9.151,-8.938,-8.862,-8.888,-8.584,-8.021,-8.629,-8.352
EGFR,EGFR_active_L000043,active,development_train,-8.936,-9.12,-8.349,-9.355,-8.912,-9.359,-9.187,-9.27,-8.833,-8.604,-9.283,-8.904
EGFR,EGFR_active_L000044,active,development_train,-7.576,-9.068,-7.754,-8.97,-9.156,-9.3,-8.617,-8.799,-9.318,-7.339,-7.728,-7.768
EGFR,EGFR_active_L000047,active,development_train,-8.612,-8.808,-8.092,-8.718,-9.122,-9.065,-9.231,-8.983,-8.987,-8.04,-8.545,-8.734
EGFR,EGFR_active_L000049,active,development_train,-9.886,-10.868,-9.412,-11.267,-11.352,-10.753,-10.148,-10.659,-11.37,-9.208,-9.564,-9.829
EGFR,EGFR_active_L000056,active,development_train,-7.652,-8.46,-7.35,-8.733,-8.799,-8.827,-8.605,-8.59,-8.567,-7.506,-8.004,-7.553
EGFR,EGFR_active_L000060,active,development_train,-8.257,-9.885,-8.177,-10.267,-10.354,-9.585,-9.857,-10.14,-10.516,-7.92,-8.176,-8.838
EGFR,EGFR_active_L000063,active,development_train,-8.474,-9.39,-7.784,-8.876,-8.807,-9.345,-9.055,-9.301,-9.241,-7.987,-8.463,-8.452
EGFR,EGFR_active_L000073,active,development_train,-10.197,-12.562,-9.702,-12.997,-12.916,-11.977,-11.56,-12.813,-12.592,-9.917,-10.105,-10.444
EGFR,EGFR_active_L000076,active,development_train,-8.295,-9.254,-7.741,-9.049,-9.023,-9.138,-8.923,-9.268,-8.933,-7.659,-8.347,-8.445
EGFR,EGFR_active_L000079,active,development_train,-8.338,-10.338,-7.6,-9.815,-10.116,-9.945,-9.138,-10.265,-10.221,-7.823,-7.877,-8.266
EGFR,EGFR_active_L000081,active,development_train,-7.515,-8.99,-7.239,-8.933,-8.817,-8.853,-8.924,-8.973,-8.863,-7.09,-7.643,-7.627
EGFR,EGFR_active_L000083,active,development_train,-8.647,-9.232,-8.049,-9.301,-9.31,-8.894,-9.227,-9.709,-9.275,-8.678,-8.612,-8.858
EGFR,EGFR_active_L000091,active,development_train,-8.336,-8.93,-7.655,-8.78,-8.822,-8.683,-8.86,-8.678,-8.741,-7.608,-8.211,-7.913
EGFR,EGFR_active_L000101,active,development_train,-9.015,-10.476,-8.278,-10.122,-10.295,-10.089,-10.131,-10.468,-10.689,-8.686,-8.683,-9.168
EGFR,EGFR_active_L000102,active,development_train,-7.802,-9.313,-8.055,-9.001,-9.369,-9.152,-8.554,-9.023,-9.311,-7.78,-7.851,-7.574
EGFR,EGFR_active_L000105,active,development_train,-8.134,-10.673,-8.48,-10.831,-10.756,-10.264,-9.898,-10.643,-10.786,-8.365,-9.168,-8.177
EGFR,EGFR_active_L000113,active,development_train,-8.66,-10.057,-8.037,-9.878,-10.081,-9.901,-10.019,-9.787,-10.324,-7.921,-7.781,-8.326
EGFR,EGFR_active_L000114,active,development_train,-8.757,-10.537,-8.544,-10.281,-10.442,-10.081,-9.594,-10.228,-10.709,-8.012,-8.81,-8.362
EGFR,EGFR_active_L000115,active,development_train,-7.428,-9.047,-7.471,-9.175,-9.082,-8.913,-8.431,-9.252,-9.062,-7.566,-7.143,-7.765
EGFR,EGFR_active_L000117,active,development_train,-8.547,-9.811,-7.893,-10.362,-10.114,-9.555,-9.798,-9.723,-9.981,-8.005,-8.238,-8.856
EGFR,EGFR_active_L000118,active,development_train,-8.724,-8.993,-8.501,-8.928,-9.01,-9.173,-9.287,-8.791,-8.99,-8.446,-8.723,-8.632
EGFR,EGFR_active_L000121,active,development_train,-8.732,-9.773,-8.67,-9.2,-9.256,-9.433,-9.884,-9.705,-9.535,-8.921,-8.927,-8.851
EGFR,EGFR_active_L000127,active,development_train,-8.865,-11.791,-9.093,-11.528,-11.407,-11.51,-10.72,-11.685,-12.012,-8.77,-9.287,-9.106
EGFR,EGFR_active_L000144,active,development_train,-8.95,-10.692,-8.691,-10.886,-10.663,-10.29,-9.597,-10.823,-10.679,-8.018,-8.173,-8.473
EGFR,EGFR_active_L000147,active,development_train,-9.409,-8.848,-8.21,-8.791,-8.899,-9.474,-9.336,-9.597,-8.557,-9.658,-8.606,-9.093
EGFR,EGFR_active_L000148,active,development_train,-8.513,-10.401,-8.261,-10.348,-10.131,-10.272,-9.895,-10.434,-10.793,-8.07,-8.11,-8.741
EGFR,EGFR_active_L000154,active,development_train,-9.041,-9.703,-8.416,-10.103,-10.18,-9.757,-9.946,-10.242,-9.96,-8.894,-9.406,-9.169
EGFR,EGFR_active_L000157,active,development_train,-8.489,-9.741,-8.734,-10.049,-10.385,-9.8,-9.463,-9.854,-9.752,-8.562,-8.604,-8.681
EGFR,EGFR_active_L000159,active,development_train,-8.857,-10.299,-8.372,-10.057,-9.874,-10.132,-9.552,-10.381,-10.235,-8.392,-8.404,-8.835
EGFR,EGFR_active_L000169,active,development_train,-8.875,-9.002,-8.456,-9.566,-9.994,-10.005,-10.212,-10.079,-9.997,-8.595,-8.785,-8.66
EGFR,EGFR_active_L000170,active,development_train,-8.877,-9.975,-8.336,-10.722,-10.643,-10.311,-9.502,-10.341,-10.423,-9.081,-8.738,-8.887
EGFR,EGFR_active_L000173,active,development_train,-8.738,-8.364,-8.017,-8.694,-8.496,-8.615,-8.578,-9.087,-8.572,-7.853,-8.455,-8.916
EGFR,EGFR_active_L000184,active,development_train,-8.628,-8.617,-8.115,-8.358,-8.18,-8.107,-8.21,-8.993,-8.02,-8.106,-8.248,-8.658
EGFR,EGFR_active_L000187,active,development_train,-8.533,-9.503,-8.122,-9.428,-9.906,-9.263,-9.324,-9.758,-9.815,-7.849,-8.512,-8.533
EGFR,EGFR_active_L000188,active,development_train,-8.007,-10.129,-8.309,-9.979,-9.907,-10.057,-9.364,-10.341,-9.96,-7.506,-8.181,-8.192
EGFR,EGFR_active_L000189,active,development_train,-7.946,-8.575,-8.07,-8.761,-8.885,-8.476,-8.835,-8.762,-8.54,-8.147,-8.251,-8.406
EGFR,EGFR_active_L000194,active,development_train,-8.461,-9.181,-7.506,-9.551,-9.587,-8.657,-9.513,-9.286,-8.531,-7.827,-8.362,-8.928
EGFR,EGFR_active_L000196,active,development_train,-7.878,-9.383,-7.485,-9.122,-9.129,-9.089,-8.721,-9.69,-9.329,-7.079,-8.236,-8.003
EGFR,EGFR_active_L000197,active,development_train,-8.716,-10.956,-8.372,-11.075,-10.632,-10.392,-10.428,-10.861,-11.017,-7.888,-9.425,-8.913
EGFR,EGFR_active_L000203,active,development_train,-9.887,-11.878,-9.265,-11.617,-11.733,-11.051,-10.528,-11.222,-11.378,-9.305,-9.477,-9.046
EGFR,EGFR_active_L000215,active,development_train,-8.603,-10.321,-7.584,-10.1,-9.791,-9.927,-9.842,-10.136,-10.157,-7.253,-8.504,-8.211
EGFR,EGFR_active_L000221,active,development_train,-9.274,-9.952,-9.247,-9.015,-9.646,-9.478,-8.964,-9.386,-9.344,-8.548,-8.746,-9.152
EGFR,EGFR_active_L000222,active,development_train,-9.01,-10.413,-8.353,-10.981,-10.542,-10.352,-9.777,-10.582,-10.682,-8.07,-8.332,-8.485
EGFR,EGFR_active_L000224,active,development_train,-8.179,-9.192,-7.725,-8.953,-8.647,-8.637,-9.509,-8.847,-9.072,-8.708,-8.406,-8.547
EGFR,EGFR_active_L000229,active,development_train,-9.329,-10.626,-8.607,-10.585,-10.637,-10.446,-10.305,-10.728,-10.679,-8.975,-8.791,-9.492
EGFR,EGFR_active_L000230,active,development_train,-8.892,-10.577,-8.621,-10.324,-10.127,-10.217,-10.279,-10.626,-10.487,-7.95,-8.724,-8.627
EGFR,EGFR_active_L000234,active,development_train,-9.82,-11.627,-8.582,-11.226,-11.831,-11.081,-10.238,-11.307,-11.433,-9.465,-9.593,-9.81
EGFR,EGFR_active_L000236,active,development_train,-8.877,-11.082,-8.848,-10.853,-11.125,-11.113,-10.33,-11.045,-11.478,-8.847,-9.537,-8.681
EGFR,EGFR_active_L000241,active,development_train,-6.847,-7.664,-6.751,-7.683,-7.749,-7.608,-7.706,-7.774,-7.814,-6.908,-7.245,-6.916
EGFR,EGFR_active_L000246,active,development_train,-9.16,-11.778,-8.683,-11.953,-11.777,-10.651,-10.632,-11.136,-11.055,-9.386,-9.628,-9.272
EGFR,EGFR_active_L000252,active,development_train,-9.803,-10.272,-8.842,-9.633,-9.766,-10.01,-10.259,-10.259,-10.153,-9.062,-9.597,-9.125
EGFR,EGFR_active_L000254,active,development_train,-8.023,-9.761,-7.845,-9.303,-9.495,-9.954,-9.422,-10.059,-9.78,-7.708,-7.954,-8.09
EGFR,EGFR_active_L000261,active,development_train,-8.564,-11.298,-8.539,-10.674,-11.208,-10.931,-10.381,-11.141,-10.946,-8.43,-9.203,-9.148
EGFR,EGFR_active_L000266,active,development_train,-7.925,-8.861,-7.455,-8.686,-9.47,-9.1,-8.762,-9.063,-8.932,-7.398,-7.945,-7.804
EGFR,EGFR_active_L000276,active,development_train,-8.285,-9.276,-8.176,-8.985,-9.17,-9.316,-9.201,-9.762,-9.875,-7.544,-7.879,-8.404
EGFR,EGFR_active_L000279,active,development_train,-8.38,-10.037,-8.183,-10.23,-10.193,-9.612,-9.617,-10.347,-10.353,-7.83,-8.882,-8.364
EGFR,EGFR_active_L000283,active,development_train,-7.92,-9.101,-7.547,-9.283,-9.079,-9.19,-9.032,-9.37,-8.799,-8.062,-8.28,-8.026
EGFR,EGFR_active_L000285,active,development_train,-8.51,-9.155,-8.363,-9.571,-9.352,-8.665,-9.118,-9.709,-9.247,-7.796,-8.992,-8.257
EGFR,EGFR_active_L000294,active,development_train,-8.753,-10.815,-8.537,-10.67,-10.575,-10.2,-9.572,-10.477,-10.703,-8.322,-8.799,-8.684
EGFR,EGFR_active_L000295,active,development_train,-8.684,-9.244,-8.242,-9.394,-9.148,-9.538,-9.474,-9.709,-9.957,-7.901,-7.997,-8.527
EGFR,EGFR_active_L000297,active,development_train,-8.123,-8.901,-7.681,-8.732,-9.063,-8.78,-8.009,-8.98,-8.693,-7.855,-7.648,-7.902
EGFR,EGFR_active_L000298,active,development_train,-8.697,-11.272,-8.525,-10.819,-10.983,-10.576,-10.011,-11.023,-11.06,-7.825,-8.551,-8.661
EGFR,EGFR_active_L000307,active,development_train,-8.66,-9.239,-8.25,-10.114,-9.81,-10.804,-10.29,-11.001,-10.79,-8.187,-8.097,-8.666
EGFR,EGFR_active_L000313,active,development_train,-8.485,-9.166,-7.64,-9.068,-8.91,-9.032,-9.047,-9.177,-9.152,-7.833,-8.384,-8.587
EGFR,EGFR_active_L000317,active,development_train,-8.454,-9.207,-7.975,-9.646,-9.693,-9.515,-9.082,-9.433,-9.758,-8.339,-8.804,-8.191
EGFR,EGFR_active_L000319,active,development_train,-7.654,-8.483,-7.315,-7.949,-8.13,-8.029,-7.519,-7.614,-8.028,-7.456,-7.349,-8.373
EGFR,EGFR_active_L000320,active,development_train,-6.595,-7.805,-6.638,-7.333,-7.642,-7.525,-7.271,-7.507,-7.967,-6.713,-6.632,-6.559
EGFR,EGFR_active_L000325,active,development_train,-9.227,-10.119,-8.493,-9.528,-9.85,-10.429,-9.368,-9.623,-9.778,-7.549,-9.329,-9.364
EGFR,EGFR_active_L000328,active,development_train,-7.181,-7.43,-6.644,-7.325,-7.406,-7.323,-7.258,-7.379,-7.554,-7.019,-7.067,-7.005
EGFR,EGFR_active_L000333,active,development_train,-7.051,-8.289,-6.831,-8.06,-7.919,-7.983,-7.718,-7.663,-8.026,-6.587,-7.059,-6.56
EGFR,EGFR_active_L000335,active,development_train,-8.867,-11.759,-8.632,-11.481,-11.738,-11.212,-10.912,-11.584,-11.235,-8.433,-9.539,-8.807
EGFR,EGFR_active_L000337,active,development_train,-9.895,-10.678,-9.153,-11.336,-10.95,-11.676,-11.32,-12.01,-12.156,-10.004,-9.261,-9.755
EGFR,EGFR_active_L000352,active,development_train,-7.832,-9.315,-7.846,-10.074,-9.931,-10.249,-9.912,-10.402,-9.835,-8.043,-7.685,-8.389
EGFR,EGFR_active_L000354,active,development_train,-9.09,-11.765,-9.278,-11.57,-11.646,-11.391,-11.139,-11.632,-11.587,-8.088,-9.575,-9.471
EGFR,EGFR_active_L000358,active,development_train,-8.879,-9.705,-8.363,-9.746,-9.447,-9.869,-9.69,-9.602,-9.788,-7.341,-8.959,-9.166
EGFR,EGFR_active_L000368,active,development_train,-8.338,-8.873,-8.437,-8.944,-9.257,-9.548,-9.758,-9.228,-9.774,-8.243,-8.278,-8.535
EGFR,EGFR_active_L000371,active,development_train,-8.489,-9.524,-7.941,-9.991,-9.845,-9.514,-8.541,-9.406,-10.382,-8.087,-8.42,-8.462
EGFR,EGFR_active_L000390,active,development_train,-8.253,-8.872,-7.896,-9.237,-9.123,-8.957,-8.779,-9.23,-9.135,-7.739,-8.236,-8.279
EGFR,EGFR_active_L000391,active,development_train,-7.229,-7.389,-6.771,-8.269,-8.355,-8.15,-8.1,-7.625,-7.704,-7.577,-7.268,-7.432
EGFR,EGFR_active_L000392,active,development_train,-8.678,-9.238,-7.938,-9.092,-9.022,-8.753,-9.145,-8.556,-8.207,-8.896,-8.959,-8.876
EGFR,EGFR_active_L000402,active,development_train,-8.328,-8.508,-8.369,-9.738,-9.347,-8.493,-9.077,-8.834,-9.897,-8.16,-8.388,-8.211
EGFR,EGFR_active_L000409,active,development_train,-10.194,-11.116,-9.135,-11.205,-11.442,-10.828,-10.791,-10.86,-10.304,-8.511,-8.728,-10.158
EGFR,EGFR_active_L000421,active,development_train,-7.964,-8.636,-7.996,-8.569,-8.781,-8.771,-9.115,-8.65,-8.821,-7.869,-7.773,-8.137
EGFR,EGFR_active_L000430,active,development_train,-8.314,-9.645,-7.537,-9.885,-10.027,-9.739,-9.264,-9.661,-9.908,-7.596,-8.101,-8.298
EGFR,EGFR_active_L000433,active,development_train,-9.019,-10.151,-7.816,-10.457,-10.49,-10.385,-9.839,-10.614,-10.277,-8.328,-8.946,-9.068
EGFR,EGFR_active_L000434,active,development_train,-8.124,-8.6,-7.185,-9.045,-8.968,-8.698,-8.593,-8.653,-8.632,-7.559,-7.775,-8.127
EGFR,EGFR_active_L000436,active,development_train,-8.128,-8.894,-7.554,-8.599,-8.673,-8.822,-9.115,-8.77,-8.55,-7.994,-8.503,-8.432
EGFR,EGFR_active_L000438,active,development_train,-8.647,-9.885,-8.045,-9.712,-9.585,-9.223,-8.95,-9.325,-9.204,-8.209,-8.514,-7.803
EGFR,EGFR_active_L000441,active,development_train,-8.973,-9.353,-8.13,-9.472,-9.569,-10.304,-10.388,-10.514,-10.447,-7.769,-8.059,-9.052
EGFR,EGFR_active_L000457,active,development_train,-8.534,-8.9,-7.992,-8.913,-8.783,-9.049,-8.727,-8.659,-8.49,-8.082,-8.843,-8.903
EGFR,EGFR_active_L000458,active,development_train,-9.851,-11.013,-9.721,-10.167,-10.57,-10.715,-9.778,-10.582,-10.368,-8.901,-9.561,-10.014
EGFR,EGFR_active_L000469,active,development_train,-8.921,-9.851,-8.225,-9.686,-9.768,-9.602,-9.51,-9.72,-9.558,-8.67,-8.588,-8.979
EGFR,EGFR_active_L000470,active,development_train,-7.444,-7.899,-7.019,-7.791,-7.819,-7.701,-8.272,-7.776,-7.769,-7.064,-7.508,-7.482
EGFR,EGFR_active_L000472,active,development_train,-7.75,-8.184,-7.503,-7.947,-8.03,-7.969,-8.184,-7.814,-8.008,-7.323,-7.772,-7.78
EGFR,EGFR_active_L000475,active,development_train,-8.976,-11.029,-8.167,-10.925,-11.079,-10.413,-9.963,-11.014,-10.786,-7.72,-8.335,-8.71
EGFR,EGFR_active_L000481,active,development_train,-9.503,-9.658,-8.482,-10.061,-10.707,-9.217,-9.51,-9.479,-9.359,-8.329,-8.358,-8.758
EGFR,EGFR_active_L000484,active,development_train,-7.986,-9.099,-7.664,-8.753,-8.84,-8.653,-9.067,-8.743,-8.811,-7.819,-8.24,-7.985
EGFR,EGFR_active_L000486,active,development_train,-9.371,-9.494,-9.076,-9.461,-9.417,-9.249,-8.657,-9.841,-9.412,-8.036,-8.569,-8.786
EGFR,EGFR_active_L000488,active,development_train,-7.212,-8.008,-7.256,-8.187,-8.217,-8.013,-7.956,-8.311,-8.365,-7.286,-7.477,-7.088
EGFR,EGFR_active_L000489,active,development_train,-7.834,-9.751,-7.224,-9.639,-9.817,-9.55,-9.797,-9.7,-9.819,-7.412,-8.513,-8.921
EGFR,EGFR_active_L000490,active,development_train,-10.151,-11.036,-8.958,-11.798,-11.609,-11.979,-11.65,-11.78,-11.746,-9.577,-9.529,-10.315
EGFR,EGFR_active_L000512,active,development_train,-8.203,-9.583,-8.133,-9.774,-10.193,-10.211,-9.585,-10.166,-10.418,-8.606,-9.18,-8.231
EGFR,EGFR_active_L000516,active,development_train,-7.86,-8.586,-7.889,-8.971,-9.18,-8.626,-8.842,-9.233,-8.692,-7.934,-7.875,-8.12
EGFR,EGFR_active_L000522,active,development_train,-9.76,-12.242,-8.647,-12.255,-12.294,-11.77,-11.718,-12.178,-11.998,-9.078,-9.502,-10.147
EGFR,EGFR_active_L000526,active,development_train,-8.928,-10.85,-8.59,-10.751,-10.695,-10.246,-10.094,-10.812,-10.485,-7.539,-9.094,-8.538
EGFR,EGFR_active_L000532,active,development_train,-8.077,-8.964,-8.044,-9.364,-9.243,-8.867,-8.197,-9.431,-8.713,-8.256,-7.894,-8.063
EGFR,EGFR_active_L000537,active,development_train,-8.234,-9.131,-8.316,-9.013,-9.063,-8.651,-9.076,-8.82,-8.859,-8.4,-8.43,-8.713
EGFR,EGFR_active_L000540,active,development_train,-8.056,-10.007,-8.084,-10.288,-10.429,-10.364,-10.373,-10.843,-10.87,-8.51,-8.392,-8.631
EGFR,EGFR_decoy_L000101,decoy,development_train,-7.771,-8.726,-7.525,-8.455,-8.566,-8.247,-8.877,-8.365,-8.353,-7.765,-8.189,-7.979
EGFR,EGFR_decoy_L000195,decoy,development_train,-8.81,-9.376,-8.609,-9.675,-9.853,-9.59,-9.174,-10.062,-10.133,-8.606,-8.212,-9.011
EGFR,EGFR_decoy_L000415,decoy,development_train,-8.319,-9.175,-8.34,-9.371,-9.295,-8.57,-8.33,-9.187,-9.329,-8.03,-7.969,-8.315
EGFR,EGFR_decoy_L000438,decoy,development_train,-8.607,-10.129,-8.689,-9.508,-9.731,-9.356,-9.186,-10.13,-9.842,-8.572,-8.646,-8.996
EGFR,EGFR_decoy_L000461,decoy,development_train,-9.215,-9.112,-9.122,-9.142,-8.896,-9.816,-9.473,-8.636,-9.015,-8.456,-8.83,-8.695
EGFR,EGFR_decoy_L000553,decoy,development_train,-8.333,-9.865,-8.773,-9.921,-10.121,-10.729,-10.06,-10.168,-10.861,-8.105,-7.927,-8.867
EGFR,EGFR_decoy_L000566,decoy,development_train,-8.938,-10.095,-9.012,-9.857,-10.091,-9.851,-10.626,-10.159,-10.349,-9.059,-9.194,-8.887
EGFR,EGFR_decoy_L000768,decoy,development_train,-7.492,-8.076,-6.901,-7.981,-7.917,-7.359,-7.373,-8.096,-7.331,-7.073,-7.132,-7.371
EGFR,EGFR_decoy_L000800,decoy,development_train,-7.629,-9.64,-7.835,-9.222,-9.6,-9.599,-9.378,-9.469,-9.577,-7.852,-7.877,-8.048
EGFR,EGFR_decoy_L000805,decoy,development_train,-7.604,-8.199,-7.233,-8.355,-8.294,-7.995,-9.01,-7.954,-7.543,-7.102,-7.366,-7.677
EGFR,EGFR_decoy_L000820,decoy,development_train,-8.239,-8.027,-8.627,-7.981,-7.95,-8.655,-7.9,-8.558,-8.211,-7.663,-8.163,-9.047
EGFR,EGFR_decoy_L000859,decoy,development_train,-7.187,-7.784,-7.0,-7.203,-7.524,-7.404,-7.421,-7.316,-7.412,-6.875,-7.676,-7.082
EGFR,EGFR_decoy_L000946,decoy,development_train,-9.26,-8.994,-8.141,-9.476,-9.488,-8.895,-8.561,-9.813,-10.052,-8.239,-8.964,-8.944
EGFR,EGFR_decoy_L000983,decoy,development_train,-9.84,-10.003,-8.943,-10.365,-10.567,-10.788,-9.408,-11.014,-11.047,-9.002,-9.272,-9.981
EGFR,EGFR_decoy_L001090,decoy,development_train,-8.262,-10.164,-8.3,-10.386,-10.712,-10.166,-9.493,-9.602,-9.48,-8.187,-8.761,-8.856
EGFR,EGFR_decoy_L001091,decoy,development_train,-8.336,-9.945,-8.338,-10.196,-10.25,-9.692,-9.806,-9.952,-10.285,-7.801,-8.115,-8.728
EGFR,EGFR_decoy_L001280,decoy,development_train,-7.82,-9.397,-7.512,-10.106,-10.056,-9.47,-9.294,-9.856,-9.958,-7.548,-7.403,-7.66
EGFR,EGFR_decoy_L001281,decoy,development_train,-7.961,-8.844,-7.539,-9.797,-9.797,-8.867,-9.227,-9.308,-9.906,-7.582,-7.79,-8.029
EGFR,EGFR_decoy_L001293,decoy,development_train,-9.198,-10.196,-8.616,-10.456,-10.395,-10.638,-10.363,-10.087,-9.768,-9.433,-9.214,-9.482
EGFR,EGFR_decoy_L001333,decoy,development_train,-8.058,-9.29,-7.524,-9.186,-9.175,-9.09,-9.241,-9.016,-9.268,-7.914,-7.607,-8.763
EGFR,EGFR_decoy_L001355,decoy,development_train,-7.266,-8.258,-7.018,-8.028,-8.152,-7.858,-7.924,-7.896,-7.747,-6.944,-7.164,-7.185
EGFR,EGFR_decoy_L001425,decoy,development_train,-7.956,-8.502,-7.481,-9.294,-9.406,-9.078,-9.635,-8.24,-9.704,-8.025,-8.266,-8.549
EGFR,EGFR_decoy_L001475,decoy,development_train,-10.224,-10.131,-9.014,-9.774,-10.191,-10.411,-9.344,-10.515,-10.427,-8.838,-8.593,-10.633
EGFR,EGFR_decoy_L001514,decoy,development_train,-8.135,-8.544,-8.404,-8.978,-8.998,-8.888,-8.229,-9.628,-8.394,-7.953,-7.402,-7.637
EGFR,EGFR_decoy_L001537,decoy,development_train,-8.094,-8.854,-8.589,-8.349,-8.295,-8.636,-8.393,-9.057,-8.29,-8.471,-7.851,-8.553
EGFR,EGFR_decoy_L001565,decoy,development_train,-9.179,-9.104,-8.511,-8.963,-9.43,-9.286,-8.949,-9.767,-9.678,-8.692,-8.569,-9.074
EGFR,EGFR_decoy_L001585,decoy,development_train,-8.614,-9.277,-8.774,-8.596,-8.781,-8.972,-8.747,-9.042,-8.924,-7.696,-8.15,-8.777
EGFR,EGFR_decoy_L001619,decoy,development_train,-7.33,-6.923,-6.834,-7.277,-7.5,-7.374,-7.025,-7.627,-6.988,-7.661,-7.519,-6.815
EGFR,EGFR_decoy_L001859,decoy,development_train,-8.005,-10.498,-8.333,-10.107,-10.16,-10.125,-10.162,-8.66,-9.469,-7.748,-7.683,-8.328
EGFR,EGFR_decoy_L001958,decoy,development_train,-6.312,-6.728,-6.345,-6.517,-6.548,-6.503,-6.513,-6.618,-6.397,-5.83,-6.295,-6.172
EGFR,EGFR_decoy_L001959,decoy,development_train,-6.68,-6.654,-6.586,-6.97,-7.164,-6.789,-7.123,-6.973,-7.062,-6.224,-6.813,-6.586
EGFR,EGFR_decoy_L001960,decoy,development_train,-6.518,-7.34,-6.482,-7.586,-7.638,-7.398,-7.595,-7.32,-7.597,-6.507,-6.903,-6.708
EGFR,EGFR_decoy_L001962,decoy,development_train,-7.936,-8.802,-7.867,-8.524,-8.457,-8.979,-8.473,-9.168,-9.002,-7.627,-7.911,-7.873
EGFR,EGFR_decoy_L002020,decoy,development_train,-8.549,-9.938,-8.063,-9.885,-9.965,-9.883,-9.319,-9.872,-10.238,-8.377,-8.629,-8.256
EGFR,EGFR_decoy_L002183,decoy,development_train,-7.871,-10.301,-7.929,-10.042,-10.102,-9.925,-9.919,-9.652,-9.895,-7.899,-7.806,-8.104
EGFR,EGFR_decoy_L002212,decoy,development_train,-7.938,-9.565,-7.574,-9.488,-9.818,-10.224,-8.902,-9.877,-9.948,-7.918,-7.855,-7.827
EGFR,EGFR_decoy_L002233,decoy,development_train,-7.962,-9.86,-7.744,-9.529,-9.899,-9.492,-10.038,-9.655,-9.688,-8.167,-7.981,-8.425
EGFR,EGFR_decoy_L002573,decoy,development_train,-9.079,-8.975,-8.534,-10.2,-10.798,-10.993,-9.287,-9.357,-9.357,-8.815,-8.696,-9.437
EGFR,EGFR_decoy_L002613,decoy,development_train,-8.47,-9.172,-8.118,-9.052,-9.017,-8.913,-9.056,-9.124,-9.305,-7.944,-8.269,-8.899
EGFR,EGFR_decoy_L002769,decoy,development_train,-8.062,-9.067,-8.217,-9.158,-8.473,-8.822,-8.137,-8.985,-9.236,-7.611,-7.695,-8.186
EGFR,EGFR_decoy_L002922,decoy,development_train,-8.059,-10.162,-8.009,-9.628,-9.853,-9.548,-9.372,-9.554,-9.872,-7.649,-8.259,-8.244
EGFR,EGFR_decoy_L002928,decoy,development_train,-8.658,-8.962,-8.213,-9.693,-9.747,-9.153,-8.705,-9.775,-9.121,-8.426,-8.324,-8.672
EGFR,EGFR_decoy_L003160,decoy,development_train,-7.771,-9.024,-8.041,-8.233,-8.707,-8.944,-8.491,-9.122,-9.263,-7.721,-7.748,-8.184
EGFR,EGFR_decoy_L003168,decoy,development_train,-7.311,-8.097,-7.291,-8.175,-8.551,-8.643,-7.863,-8.396,-8.577,-6.933,-7.491,-7.492
EGFR,EGFR_decoy_L003176,decoy,development_train,-7.283,-7.186,-7.006,-6.798,-6.898,-7.518,-7.325,-8.031,-6.876,-6.634,-6.679,-6.879
EGFR,EGFR_decoy_L003239,decoy,development_train,-7.774,-9.508,-7.357,-9.241,-9.891,-9.77,-9.265,-9.843,-9.942,-7.646,-7.437,-7.874
EGFR,EGFR_decoy_L003260,decoy,development_train,-8.335,-8.213,-8.573,-9.443,-8.862,-8.847,-8.934,-8.601,-8.223,-8.333,-8.126,-8.87
EGFR,EGFR_decoy_L003296,decoy,development_train,-8.879,-9.187,-8.247,-9.117,-9.642,-9.358,-9.081,-9.877,-9.595,-7.825,-8.388,-8.794
EGFR,EGFR_decoy_L003367,decoy,development_train,-6.977,-7.979,-6.723,-7.397,-7.569,-7.298,-7.188,-7.498,-7.514,-6.478,-6.659,-7.007
EGFR,EGFR_decoy_L003368,decoy,development_train,-5.802,-6.868,-6.373,-6.338,-6.35,-6.148,-6.158,-6.68,-6.274,-6.957,-6.992,-6.964
EGFR,EGFR_decoy_L003378,decoy,development_train,-6.675,-6.809,-6.431,-6.65,-6.572,-6.848,-6.564,-6.863,-6.255,-6.399,-6.809,-6.832
EGFR,EGFR_decoy_L003379,decoy,development_train,-6.262,-6.606,-6.187,-7.036,-7.053,-6.911,-6.694,-7.154,-6.359,-6.065,-6.547,-6.185
EGFR,EGFR_decoy_L003400,decoy,development_train,-5.735,-6.875,-6.152,-6.73,-6.76,-6.306,-7.061,-6.457,-6.393,-7.045,-7.046,-7.402
EGFR,EGFR_decoy_L003505,decoy,development_train,-9.448,-8.641,-9.25,-8.58,-8.44,-9.109,-9.168,-8.327,-8.721,-9.501,-9.028,-9.705
EGFR,EGFR_decoy_L003671,decoy,development_train,-8.982,-9.986,-8.924,-9.157,-9.661,-9.988,-8.975,-10.061,-9.648,-9.006,-8.211,-9.11
EGFR,EGFR_decoy_L003674,decoy,development_train,-9.844,-10.196,-9.187,-10.439,-10.489,-10.275,-9.869,-10.491,-10.984,-9.392,-9.839,-9.335
EGFR,EGFR_decoy_L003675,decoy,development_train,-9.277,-12.093,-9.323,-12.291,-12.709,-12.445,-11.303,-12.28,-12.364,-9.582,-9.327,-9.562
EGFR,EGFR_decoy_L003747,decoy,development_train,-8.251,-8.936,-7.337,-9.039,-9.202,-9.607,-9.407,-9.18,-9.268,-7.815,-8.153,-7.596
EGFR,EGFR_decoy_L003830,decoy,development_train,-7.685,-8.386,-7.365,-7.675,-8.115,-7.762,-7.985,-7.713,-8.167,-7.436,-7.831,-7.654
EGFR,EGFR_decoy_L003888,decoy,development_train,-6.513,-7.699,-6.715,-7.739,-7.563,-7.279,-7.401,-7.509,-7.648,-6.397,-6.91,-6.58
EGFR,EGFR_decoy_L003941,decoy,development_train,-7.664,-8.518,-7.526,-8.832,-8.463,-9.071,-8.397,-9.734,-9.457,-8.507,-8.354,-8.109
EGFR,EGFR_decoy_L004076,decoy,development_train,-8.898,-9.36,-8.412,-8.613,-9.757,-9.354,-8.851,-9.161,-8.389,-8.854,-8.373,-9.219
EGFR,EGFR_decoy_L004241,decoy,development_train,-7.543,-7.707,-8.103,-8.241,-7.839,-8.462,-8.477,-8.491,-8.835,-7.839,-7.95,-7.277
EGFR,EGFR_decoy_L004264,decoy,development_train,-7.909,-8.804,-7.484,-8.436,-8.502,-8.08,-8.106,-8.813,-8.765,-7.592,-8.039,-8.133
EGFR,EGFR_decoy_L004496,decoy,development_train,-7.306,-8.435,-7.453,-8.498,-8.343,-8.094,-8.281,-8.573,-8.227,-7.413,-7.818,-7.715
EGFR,EGFR_decoy_L004586,decoy,development_train,-9.499,-9.804,-9.252,-9.57,-10.682,-10.262,-10.192,-10.353,-10.459,-8.692,-8.774,-9.752
EGFR,EGFR_decoy_L004713,decoy,development_train,-7.095,-8.815,-6.734,-8.818,-8.955,-8.679,-8.342,-8.576,-9.147,-7.217,-7.366,-7.028
EGFR,EGFR_decoy_L004740,decoy,development_train,-8.095,-10.238,-8.131,-10.284,-10.437,-9.969,-10.106,-10.486,-10.798,-7.596,-8.937,-9.247
EGFR,EGFR_decoy_L004792,decoy,development_train,-8.221,-8.97,-7.812,-8.736,-9.074,-8.979,-8.743,-9.182,-9.296,-7.623,-8.291,-8.185
EGFR,EGFR_decoy_L004804,decoy,development_train,-8.553,-9.391,-7.931,-9.489,-9.606,-9.679,-9.635,-9.762,-9.707,-8.46,-8.573,-8.503
EGFR,EGFR_decoy_L004839,decoy,development_train,-8.296,-9.302,-7.63,-9.092,-9.111,-9.194,-9.035,-9.984,-9.63,-8.102,-7.713,-8.01
EGFR,EGFR_decoy_L004947,decoy,development_train,-7.498,-8.065,-7.444,-7.806,-8.18,-8.014,-7.603,-8.776,-8.468,-7.032,-7.493,-7.469
EGFR,EGFR_decoy_L004982,decoy,development_train,-8.894,-10.177,-9.091,-9.319,-9.723,-9.581,-10.402,-9.897,-10.778,-8.499,-8.496,-9.577
EGFR,EGFR_decoy_L005010,decoy,development_train,-8.815,-8.363,-8.172,-8.552,-8.502,-8.575,-9.038,-9.03,-8.761,-8.474,-8.491,-8.529
EGFR,EGFR_decoy_L005037,decoy,development_train,-8.191,-9.104,-7.482,-9.264,-9.19,-9.182,-9.567,-9.312,-9.362,-7.943,-8.025,-7.883
EGFR,EGFR_decoy_L005063,decoy,development_train,-8.646,-9.037,-8.982,-8.294,-8.772,-8.684,-8.473,-9.043,-8.868,-9.077,-8.632,-8.744
EGFR,EGFR_decoy_L005118,decoy,development_train,-8.049,-9.943,-7.381,-9.918,-9.953,-10.13,-10.227,-9.986,-10.088,-7.523,-8.306,-8.465
EGFR,EGFR_decoy_L005175,decoy,development_train,-7.602,-8.751,-7.679,-8.868,-9.231,-8.909,-8.85,-8.654,-9.234,-7.207,-8.022,-7.956
EGFR,EGFR_decoy_L005313,decoy,development_train,-9.037,-8.303,-8.371,-8.219,-8.94,-8.918,-8.481,-8.716,-8.323,-7.434,-8.448,-8.335
EGFR,EGFR_decoy_L005399,decoy,development_train,-8.844,-10.946,-8.107,-10.145,-10.222,-10.296,-10.651,-10.768,-10.598,-7.93,-8.451,-8.673
EGFR,EGFR_decoy_L005787,decoy,development_train,-9.035,-10.548,-8.664,-10.58,-10.633,-11.075,-10.433,-11.169,-11.389,-8.374,-8.566,-9.359
EGFR,EGFR_decoy_L005831,decoy,development_train,-8.385,-9.851,-7.671,-9.28,-9.6,-9.957,-9.596,-10.562,-10.22,-7.613,-7.91,-8.553
EGFR,EGFR_decoy_L005848,decoy,development_train,-8.689,-10.322,-7.173,-10.381,-10.396,-9.953,-9.919,-9.998,-10.546,-8.062,-8.786,-9.097
EGFR,EGFR_decoy_L005884,decoy,development_train,-8.641,-9.542,-8.132,-10.187,-9.804,-10.473,-9.689,-10.251,-10.741,-8.542,-8.548,-8.762
EGFR,EGFR_decoy_L005885,decoy,development_train,-8.792,-9.864,-8.17,-9.683,-9.139,-11.171,-9.216,-11.107,-11.375,-8.512,-8.273,-9.143
EGFR,EGFR_decoy_L005886,decoy,development_train,-8.911,-10.504,-9.079,-10.844,-10.751,-10.903,-10.523,-11.431,-11.666,-8.717,-8.255,-9.518
EGFR,EGFR_decoy_L005887,decoy,development_train,-8.309,-9.863,-8.425,-9.574,-10.225,-10.088,-9.436,-10.33,-10.6,-7.828,-8.047,-8.847
EGFR,EGFR_decoy_L005888,decoy,development_train,-9.069,-9.961,-8.089,-10.601,-10.354,-10.564,-10.475,-11.175,-11.266,-7.705,-7.796,-9.494
EGFR,EGFR_decoy_L005896,decoy,development_train,-8.481,-10.249,-7.788,-10.086,-10.425,-10.166,-9.855,-10.16,-10.544,-7.418,-8.025,-8.685
EGFR,EGFR_decoy_L005951,decoy,development_train,-7.75,-9.415,-7.878,-8.927,-9.181,-8.339,-8.328,-9.236,-7.769,-7.58,-8.079,-8.199
EGFR,EGFR_decoy_L005996,decoy,development_train,-7.764,-8.173,-7.415,-8.301,-8.221,-8.174,-8.403,-8.707,-8.366,-7.651,-7.699,-7.972
EGFR,EGFR_decoy_L006063,decoy,development_train,-7.928,-7.928,-7.942,-8.301,-8.099,-8.342,-8.657,-8.806,-8.231,-7.489,-8.08,-8.507
EGFR,EGFR_decoy_L006102,decoy,development_train,-7.658,-8.651,-7.346,-8.779,-8.975,-9.018,-8.547,-8.877,-8.683,-7.356,-7.625,-7.812
EGFR,EGFR_decoy_L006297,decoy,development_train,-9.315,-9.821,-10.025,-9.551,-9.993,-9.886,-11.536,-9.427,-9.709,-8.139,-9.437,-9.767
EGFR,EGFR_decoy_L006345,decoy,development_train,-9.47,-10.192,-8.226,-9.717,-9.765,-9.522,-8.824,-9.583,-9.977,-8.888,-8.741,-9.02
EGFR,EGFR_decoy_L006392,decoy,development_train,-9.045,-10.736,-7.922,-10.23,-9.981,-10.167,-10.072,-10.54,-10.989,-8.535,-8.139,-8.693
EGFR,EGFR_decoy_L006394,decoy,development_train,-8.247,-7.85,-6.851,-8.51,-8.07,-8.756,-8.459,-8.485,-8.53,-7.188,-7.983,-7.984
EGFR,EGFR_decoy_L006422,decoy,development_train,-8.347,-9.343,-7.095,-8.39,-9.17,-8.688,-9.064,-9.173,-8.855,-6.898,-7.343,-8.42
EGFR,EGFR_decoy_L006433,decoy,development_train,-7.366,-8.017,-6.724,-7.705,-7.886,-8.309,-8.062,-8.765,-7.932,-7.342,-7.404,-8.032
EGFR,EGFR_decoy_L006440,decoy,development_train,-8.314,-8.733,-7.318,-8.344,-8.4,-9.92,-8.426,-8.188,-9.754,-7.396,-7.913,-8.028
EGFR,EGFR_decoy_L006508,decoy,development_train,-8.608,-10.061,-8.569,-9.828,-10.165,-9.544,-9.459,-9.972,-9.709,-7.967,-8.649,-8.143
EGFR,EGFR_decoy_L006596,decoy,development_train,-7.749,-9.62,-7.426,-9.161,-9.512,-9.229,-9.789,-9.775,-9.618,-7.466,-7.907,-7.662
EGFR,EGFR_decoy_L006622,decoy,development_train,-7.739,-9.007,-8.164,-9.146,-9.177,-9.396,-8.928,-9.24,-9.144,-7.689,-7.648,-8.297
EGFR,EGFR_decoy_L006752,decoy,development_train,-8.03,-8.188,-7.488,-8.052,-8.063,-8.062,-7.69,-7.702,-8.385,-7.774,-7.407,-8.289
EGFR,EGFR_decoy_L006773,decoy,development_train,-9.583,-9.245,-8.144,-8.525,-10.257,-10.222,-9.14,-9.932,-10.12,-8.226,-8.648,-10.041
EGFR,EGFR_decoy_L006836,decoy,development_train,-7.58,-7.782,-7.057,-7.291,-7.712,-7.193,-7.471,-7.706,-7.583,-6.896,-6.758,-7.435
EGFR,EGFR_decoy_L006882,decoy,development_train,-9.074,-9.294,-7.969,-9.745,-9.84,-9.489,-9.274,-10.032,-9.741,-8.393,-8.525,-9.228
EGFR,EGFR_decoy_L007080,decoy,development_train,-7.367,-8.141,-7.402,-8.027,-8.207,-7.947,-8.446,-8.15,-7.968,-7.129,-7.459,-7.184
EGFR,EGFR_decoy_L007229,decoy,development_train,-7.42,-8.334,-7.698,-8.568,-8.812,-8.325,-9.138,-8.202,-8.747,-7.397,-7.268,-7.785
EGFR,EGFR_decoy_L007230,decoy,development_train,-7.315,-8.192,-7.703,-8.535,-8.781,-8.411,-9.276,-8.71,-8.904,-6.973,-7.222,-7.594
EGFR,EGFR_decoy_L007231,decoy,development_train,-7.934,-8.563,-7.615,-8.648,-8.954,-8.344,-8.97,-8.683,-8.738,-7.449,-7.637,-8.146
EGFR,EGFR_decoy_L007310,decoy,development_train,-5.195,-5.367,-5.687,-5.243,-5.62,-5.498,-5.2,-6.428,-5.516,-5.333,-5.259,-5.335
EGFR,EGFR_decoy_L007320,decoy,development_train,-6.607,-7.194,-5.846,-6.997,-6.913,-6.734,-7.253,-7.25,-6.95,-6.147,-6.529,-6.642
EGFR,EGFR_decoy_L007321,decoy,development_train,-6.642,-7.653,-6.548,-7.196,-7.138,-7.194,-7.162,-7.39,-7.488,-6.09,-7.071,-7.056
EGFR,EGFR_decoy_L007323,decoy,development_train,-6.75,-8.286,-6.246,-7.207,-6.744,-7.576,-6.788,-8.032,-7.252,-6.409,-6.184,-6.515
EGFR,EGFR_decoy_L007378,decoy,development_train,-8.08,-8.86,-8.811,-8.592,-9.185,-8.505,-9.915,-7.973,-9.447,-7.356,-8.217,-8.467
EGFR,EGFR_decoy_L007415,decoy,development_train,-8.762,-10.693,-9.004,-10.128,-10.054,-9.706,-8.94,-9.346,-9.603,-8.641,-9.015,-8.788
EGFR,EGFR_decoy_L007436,decoy,development_train,-8.999,-9.538,-8.975,-9.151,-9.056,-9.346,-9.007,-9.287,-9.678,-8.515,-9.03,-9.58
EGFR,EGFR_decoy_L007524,decoy,development_train,-9.866,-9.906,-8.342,-10.059,-9.897,-9.535,-10.325,-9.883,-9.763,-8.96,-9.9,-10.12
EGFR,EGFR_decoy_L007528,decoy,development_train,-8.959,-10.097,-8.397,-9.716,-10.002,-9.808,-9.979,-9.701,-9.654,-7.869,-8.453,-9.05
EGFR,EGFR_decoy_L007537,decoy,development_train,-9.842,-10.797,-9.097,-10.264,-10.167,-10.786,-10.214,-10.241,-10.642,-8.902,-9.21,-9.506
EGFR,EGFR_decoy_L007571,decoy,development_train,-9.453,-9.368,-8.593,-9.844,-10.328,-9.935,-9.602,-9.882,-10.093,-9.499,-8.916,-9.504
EGFR,EGFR_decoy_L007692,decoy,development_train,-7.914,-9.906,-8.039,-9.797,-9.524,-9.991,-9.972,-9.577,-10.087,-6.993,-8.61,-9.001
EGFR,EGFR_decoy_L007737,decoy,development_train,-8.041,-9.249,-8.285,-8.933,-9.418,-9.569,-9.235,-9.327,-8.378,-8.827,-8.391,-8.801
EGFR,EGFR_decoy_L007738,decoy,development_train,-9.113,-9.377,-8.722,-8.839,-9.198,-10.407,-10.244,-9.406,-10.331,-7.68,-7.375,-8.121
EGFR,EGFR_decoy_L007887,decoy,development_train,-9.221,-10.859,-8.838,-10.711,-11.14,-10.938,-9.551,-10.901,-9.876,-9.074,-8.91,-10.035
EGFR,EGFR_decoy_L008015,decoy,development_train,-9.05,-8.899,-8.694,-8.922,-8.881,-8.648,-8.281,-8.448,-8.149,-7.555,-8.619,-8.748
EGFR,EGFR_decoy_L008038,decoy,development_train,-8.227,-8.387,-8.162,-8.957,-9.346,-8.575,-9.46,-8.121,-8.551,-7.931,-8.088,-8.119
EGFR,EGFR_decoy_L008151,decoy,development_train,-8.568,-9.929,-8.657,-9.505,-9.404,-9.023,-8.375,-9.581,-9.942,-7.851,-8.385,-9.023
EGFR,EGFR_decoy_L008280,decoy,development_train,-7.171,-8.344,-7.174,-8.289,-8.384,-8.125,-7.891,-8.226,-8.348,-7.263,-7.206,-7.234
EGFR,EGFR_decoy_L008502,decoy,development_train,-6.357,-7.352,-6.454,-7.684,-7.844,-7.425,-7.198,-7.421,-7.467,-6.394,-6.564,-6.309
EGFR,EGFR_decoy_L008528,decoy,development_train,-6.732,-8.404,-6.386,-8.508,-8.433,-8.125,-7.532,-8.097,-8.019,-6.5,-6.725,-6.906
EGFR,EGFR_decoy_L008748,decoy,development_train,-8.705,-10.359,-7.566,-10.348,-10.392,-10.175,-9.205,-10.053,-10.297,-8.208,-8.504,-8.556
EGFR,EGFR_decoy_L008801,decoy,development_train,-8.656,-9.675,-7.86,-9.581,-9.799,-8.838,-8.958,-9.05,-9.005,-8.227,-8.492,-8.226
EGFR,EGFR_decoy_L008802,decoy,development_train,-8.787,-9.48,-7.745,-9.634,-9.869,-8.78,-8.69,-9.489,-9.518,-8.248,-8.322,-8.724
EGFR,EGFR_decoy_L009069,decoy,development_train,-9.033,-9.423,-8.467,-9.606,-9.81,-10.22,-9.542,-10.113,-9.817,-9.313,-8.928,-9.47
EGFR,EGFR_decoy_L009122,decoy,development_train,-8.445,-9.059,-7.899,-8.84,-8.827,-8.823,-10.193,-9.461,-9.14,-7.68,-7.916,-8.089
EGFR,EGFR_decoy_L009246,decoy,development_train,-8.2,-9.457,-8.11,-9.33,-9.255,-9.187,-8.959,-9.715,-9.618,-8.038,-8.149,-7.971
EGFR,EGFR_decoy_L009248,decoy,development_train,-8.596,-9.809,-7.983,-9.834,-9.729,-9.536,-10.207,-10.839,-10.161,-8.573,-8.644,-8.836
EGFR,EGFR_decoy_L009256,decoy,development_train,-7.52,-9.176,-8.118,-9.327,-9.351,-9.003,-8.963,-9.451,-9.35,-7.52,-7.852,-8.177
EGFR,EGFR_decoy_L009263,decoy,development_train,-9.112,-11.124,-8.964,-11.232,-11.002,-10.77,-9.959,-11.422,-11.08,-8.953,-9.003,-8.802
EGFR,EGFR_decoy_L009390,decoy,development_train,-7.926,-8.905,-7.365,-8.461,-8.153,-8.833,-7.687,-8.563,-8.506,-7.187,-7.089,-7.869
EGFR,EGFR_decoy_L009463,decoy,development_train,-8.615,-9.625,-7.285,-9.457,-9.268,-9.16,-9.22,-9.796,-9.881,-7.593,-8.263,-8.419
EGFR,EGFR_decoy_L009482,decoy,development_train,-8.371,-8.716,-7.614,-7.988,-7.899,-8.81,-7.99,-8.669,-8.045,-7.282,-7.655,-8.625
EGFR,EGFR_decoy_L009531,decoy,development_train,-7.64,-9.344,-7.709,-8.992,-9.372,-9.208,-9.364,-9.624,-8.87,-7.53,-7.693,-7.834
EGFR,EGFR_decoy_L009640,decoy,development_train,-7.922,-9.552,-7.927,-9.688,-9.85,-9.938,-9.355,-9.955,-10.231,-8.718,-8.291,-8.012
EGFR,EGFR_decoy_L009667,decoy,development_train,-8.933,-10.439,-8.371,-9.737,-10.06,-9.888,-9.987,-9.872,-9.615,-8.558,-8.606,-8.929
EGFR,EGFR_decoy_L009703,decoy,development_train,-8.543,-8.377,-8.147,-8.95,-8.903,-8.84,-8.857,-9.105,-8.289,-8.036,-8.377,-8.997
EGFR,EGFR_decoy_L009871,decoy,development_train,-9.297,-11.238,-8.632,-11.307,-10.831,-11.877,-10.295,-12.047,-10.611,-9.366,-9.381,-9.566
EGFR,EGFR_decoy_L009889,decoy,development_train,-8.819,-9.737,-8.108,-9.409,-9.552,-10.336,-9.007,-9.877,-10.203,-8.395,-8.821,-8.837
EGFR,EGFR_decoy_L009915,decoy,development_train,-7.599,-9.219,-7.492,-9.623,-9.501,-9.397,-8.988,-9.348,-9.291,-7.721,-7.904,-7.71
EGFR,EGFR_decoy_L009975,decoy,development_train,-7.667,-7.516,-7.348,-7.674,-8.801,-8.782,-8.073,-9.24,-8.952,-7.855,-7.419,-7.397
EGFR,EGFR_decoy_L010043,decoy,development_train,-8.197,-7.822,-7.831,-7.491,-7.553,-8.14,-7.555,-8.398,-7.782,-7.695,-7.327,-7.918
EGFR,EGFR_decoy_L010307,decoy,development_train,-8.135,-10.042,-8.402,-8.444,-8.501,-8.572,-8.483,-8.655,-9.276,-8.407,-8.083,-7.878
EGFR,EGFR_decoy_L010308,decoy,development_train,-8.273,-8.211,-8.391,-8.571,-8.513,-8.273,-8.646,-8.405,-7.869,-7.628,-7.628,-8.552
EGFR,EGFR_decoy_L010421,decoy,development_train,-7.024,-7.929,-6.786,-7.462,-7.744,-7.577,-7.259,-7.483,-7.45,-6.769,-7.063,-7.175
EGFR,EGFR_decoy_L010444,decoy,development_train,-8.566,-10.007,-8.603,-8.972,-8.857,-10.647,-9.2,-9.526,-9.567,-8.889,-9.286,-8.932
EGFR,EGFR_decoy_L010449,decoy,development_train,-9.353,-10.05,-8.875,-10.332,-10.373,-9.959,-9.28,-10.211,-10.263,-9.021,-9.407,-9.395
EGFR,EGFR_decoy_L010487,decoy,development_train,-9.528,-9.985,-8.099,-10.44,-10.964,-10.171,-10.054,-11.167,-11.227,-8.415,-8.344,-8.829
EGFR,EGFR_decoy_L010550,decoy,development_train,-7.948,-9.828,-7.542,-9.736,-9.797,-9.412,-8.773,-8.94,-9.338,-7.89,-7.701,-8.185
EGFR,EGFR_decoy_L010782,decoy,development_train,-3.979,-4.468,-4.521,-4.593,-4.514,-4.572,-4.312,-4.624,-4.497,-3.717,-4.02,-3.886
EGFR,EGFR_decoy_L010926,decoy,development_train,-7.942,-8.945,-7.416,-8.671,-8.862,-8.859,-9.265,-8.662,-8.957,-7.857,-7.966,-8.066
EGFR,EGFR_decoy_L010946,decoy,development_train,-8.53,-9.746,-8.423,-9.302,-9.413,-8.995,-9.389,-9.481,-9.206,-8.383,-8.576,-8.614
EGFR,EGFR_decoy_L011017,decoy,development_train,-6.861,-7.434,-7.105,-7.178,-7.419,-7.51,-7.49,-8.001,-7.547,-6.845,-6.883,-7.327
EGFR,EGFR_decoy_L011081,decoy,development_train,-7.477,-9.142,-7.375,-9.203,-8.97,-9.329,-8.714,-9.206,-9.801,-7.151,-7.881,-7.512
EGFR,EGFR_decoy_L011188,decoy,development_train,-9.336,-10.28,-8.623,-10.407,-10.123,-10.361,-9.725,-10.214,-9.455,-9.069,-9.438,-9.195
EGFR,EGFR_decoy_L011553,decoy,development_train,-9.736,-10.749,-8.741,-11.059,-10.841,-10.343,-9.702,-10.941,-11.081,-9.351,-8.744,-9.023
EGFR,EGFR_decoy_L011840,decoy,development_train,-8.736,-9.164,-8.446,-9.861,-10.113,-9.614,-9.018,-10.009,-10.282,-8.576,-8.183,-8.761
EGFR,EGFR_decoy_L011878,decoy,development_train,-8.882,-9.639,-8.893,-9.628,-9.266,-9.709,-9.443,-9.563,-9.02,-8.678,-9.35,-9.046
EGFR,EGFR_decoy_L012078,decoy,development_train,-7.312,-6.193,-8.326,-6.293,-6.34,-7.574,-7.458,-7.962,-6.674,-7.685,-7.125,-7.558
EGFR,EGFR_decoy_L012108,decoy,development_train,-8.662,-8.805,-8.214,-9.024,-9.269,-8.658,-8.848,-8.824,-9.274,-8.448,-8.693,-8.905
EGFR,EGFR_decoy_L012132,decoy,development_train,-8.541,-9.934,-8.539,-10.103,-10.272,-10.412,-9.508,-10.171,-9.952,-8.14,-8.882,-8.965
EGFR,EGFR_decoy_L012169,decoy,development_train,-10.708,-10.598,-9.729,-10.435,-10.605,-10.719,-10.487,-12.108,-11.269,-9.685,-10.053,-10.609
EGFR,EGFR_decoy_L012342,decoy,development_train,-7.97,-9.808,-7.92,-9.52,-9.894,-9.325,-8.991,-10.098,-10.111,-8.115,-8.098,-7.79
EGFR,EGFR_decoy_L012433,decoy,development_train,-9.208,-8.055,-8.135,-8.589,-9.608,-9.441,-8.358,-9.339,-9.577,-8.86,-8.439,-9.01
EGFR,EGFR_decoy_L012437,decoy,development_train,-9.169,-9.05,-8.566,-8.635,-8.993,-9.327,-9.204,-8.445,-8.893,-9.006,-9.036,-9.04
EGFR,EGFR_decoy_L012484,decoy,development_train,-7.65,-7.991,-7.344,-8.924,-9.145,-8.453,-8.362,-8.949,-9.352,-7.177,-7.669,-7.318
EGFR,EGFR_decoy_L012533,decoy,development_train,-9.155,-10.044,-9.177,-9.994,-10.336,-10.941,-11.276,-11.039,-11.093,-9.593,-9.076,-9.231
EGFR,EGFR_decoy_L012731,decoy,development_train,-7.687,-8.807,-6.949,-9.204,-9.384,-8.086,-8.089,-8.581,-8.798,-6.893,-7.737,-7.464
EGFR,EGFR_decoy_L012739,decoy,development_train,-8.105,-9.044,-8.143,-8.889,-9.062,-8.875,-9.027,-8.44,-8.644,-8.0,-8.43,-8.515
EGFR,EGFR_decoy_L012823,decoy,development_train,-8.384,-8.533,-7.438,-7.942,-8.502,-8.441,-9.066,-8.872,-8.585,-7.406,-8.016,-8.412
EGFR,EGFR_decoy_L012923,decoy,development_train,-10.463,-12.252,-10.21,-12.448,-12.447,-11.443,-10.589,-12.024,-11.968,-10.014,-9.809,-10.184
EGFR,EGFR_decoy_L013064,decoy,development_train,-7.917,-8.912,-8.404,-9.753,-9.227,-9.732,-8.601,-9.563,-9.183,-8.751,-8.156,-8.232
EGFR,EGFR_decoy_L013115,decoy,development_train,-7.397,-8.651,-7.717,-8.279,-8.462,-8.465,-8.091,-8.85,-8.539,-7.629,-7.441,-7.557
EGFR,EGFR_decoy_L013171,decoy,development_train,-7.965,-8.684,-7.909,-8.486,-9.35,-8.803,-9.042,-8.551,-8.651,-7.973,-7.788,-7.833
EGFR,EGFR_decoy_L013266,decoy,development_train,-9.018,-9.689,-8.818,-9.667,-9.739,-10.589,-10.46,-10.604,-10.244,-8.65,-8.402,-9.218
EGFR,EGFR_decoy_L013437,decoy,development_train,-7.816,-9.262,-8.32,-9.012,-9.276,-9.254,-8.469,-8.902,-9.495,-7.865,-8.136,-8.864
EGFR,EGFR_decoy_L013487,decoy,development_train,-8.324,-9.072,-7.603,-9.586,-9.658,-9.072,-9.557,-9.417,-9.502,-8.283,-8.41,-8.03
EGFR,EGFR_decoy_L013581,decoy,development_train,-8.068,-9.346,-7.421,-9.407,-9.437,-9.349,-9.028,-9.29,-9.568,-7.443,-8.054,-7.793
EGFR,EGFR_decoy_L013741,decoy,development_train,-8.689,-9.226,-8.612,-9.273,-8.726,-8.894,-8.481,-9.058,-8.836,-8.494,-8.894,-8.605
EGFR,EGFR_decoy_L013801,decoy,development_train,-7.712,-8.752,-7.277,-8.267,-8.46,-8.2,-8.28,-8.124,-7.759,-7.442,-7.916,-7.704
EGFR,EGFR_decoy_L013850,decoy,development_train,-7.443,-7.677,-7.244,-7.525,-7.455,-7.483,-7.513,-7.705,-7.599,-6.937,-7.093,-7.282
EGFR,EGFR_decoy_L013931,decoy,development_train,-7.954,-9.642,-7.962,-9.636,-9.459,-9.442,-8.642,-9.661,-9.21,-7.526,-8.13,-8.11
EGFR,EGFR_decoy_L014283,decoy,development_train,-8.845,-9.79,-9.29,-10.078,-10.018,-9.697,-9.136,-10.393,-9.686,-9.064,-9.478,-8.228
EGFR,EGFR_decoy_L014284,decoy,development_train,-8.192,-8.08,-9.023,-8.03,-7.992,-9.627,-9.877,-8.995,-8.364,-9.034,-9.397,-8.387
EGFR,EGFR_decoy_L014286,decoy,development_train,-8.273,-9.983,-8.295,-10.297,-10.649,-9.469,-8.516,-10.039,-10.042,-8.29,-8.783,-8.365
EGFR,EGFR_decoy_L014437,decoy,development_train,-7.817,-9.68,-8.262,-9.677,-10.09,-8.868,-9.179,-9.614,-10.816,-7.811,-7.893,-8.287
EGFR,EGFR_decoy_L014758,decoy,development_train,-9.431,-9.855,-9.044,-9.837,-10.132,-9.936,-9.695,-9.965,-10.134,-9.404,-9.265,-9.795
EGFR,EGFR_decoy_L014851,decoy,development_train,-8.659,-9.756,-8.085,-9.486,-9.61,-9.327,-9.309,-9.657,-9.543,-8.561,-8.596,-8.373
EGFR,EGFR_decoy_L014862,decoy,development_train,-8.031,-9.486,-7.708,-9.596,-9.603,-9.552,-9.807,-9.703,-9.853,-8.085,-7.882,-8.199
EGFR,EGFR_decoy_L014939,decoy,development_train,-10.796,-11.516,-8.98,-11.235,-11.404,-11.193,-10.521,-11.191,-11.765,-9.441,-9.716,-10.497
EGFR,EGFR_decoy_L014945,decoy,development_train,-8.904,-9.447,-8.548,-9.975,-8.651,-9.62,-9.014,-10.294,-10.528,-8.106,-7.778,-9.451
EGFR,EGFR_decoy_L014972,decoy,development_train,-8.019,-9.608,-8.198,-9.909,-9.91,-9.345,-9.49,-9.209,-9.548,-7.908,-8.336,-8.005
EGFR,EGFR_decoy_L014987,decoy,development_train,-6.467,-7.057,-6.712,-8.018,-7.909,-7.349,-6.77,-7.465,-7.774,-6.502,-6.579,-6.676
EGFR,EGFR_decoy_L014994,decoy,development_train,-7.179,-8.568,-7.651,-8.615,-8.667,-8.355,-7.576,-8.72,-8.457,-7.03,-8.261,-7.434
EGFR,EGFR_decoy_L014997,decoy,development_train,-8.198,-8.884,-7.941,-8.908,-9.131,-8.836,-9.13,-9.308,-9.525,-8.12,-7.882,-8.145
EGFR,EGFR_decoy_L015036,decoy,development_train,-9.249,-9.859,-7.955,-9.299,-9.408,-8.535,-8.236,-8.922,-8.117,-8.714,-8.33,-8.586
EGFR,EGFR_decoy_L015038,decoy,development_train,-9.34,-10.037,-8.923,-9.669,-9.729,-10.51,-10.529,-10.808,-10.943,-8.708,-9.064,-9.913
EGFR,EGFR_decoy_L015100,decoy,development_train,-6.844,-7.497,-7.537,-7.491,-7.398,-7.08,-7.704,-7.314,-7.265,-6.744,-6.831,-6.655
EGFR,EGFR_decoy_L015194,decoy,development_train,-8.085,-9.108,-7.522,-9.0,-9.045,-8.805,-9.241,-9.156,-8.839,-7.741,-7.857,-8.216
EGFR,EGFR_decoy_L015227,decoy,development_train,-7.448,-8.692,-7.191,-8.741,-8.715,-8.42,-8.224,-8.747,-8.957,-7.394,-7.411,-7.963
EGFR,EGFR_decoy_L015307,decoy,development_train,-6.545,-7.232,-6.414,-6.91,-7.116,-7.612,-7.359,-7.124,-7.852,-7.064,-6.542,-6.673
EGFR,EGFR_decoy_L015419,decoy,development_train,-8.689,-9.808,-8.871,-9.049,-8.952,-9.228,-9.424,-9.094,-9.212,-8.504,-8.65,-8.783
EGFR,EGFR_decoy_L015563,decoy,development_train,-7.385,-8.214,-7.886,-8.095,-8.149,-8.009,-8.081,-8.27,-8.42,-7.54,-7.896,-7.712
EGFR,EGFR_decoy_L015671,decoy,development_train,-8.968,-8.659,-8.475,-8.992,-8.72,-9.544,-9.191,-10.111,-9.781,-8.845,-8.312,-9.666
EGFR,EGFR_decoy_L015747,decoy,development_train,-11.114,-11.271,-9.517,-11.177,-10.326,-10.902,-10.39,-10.108,-10.438,-9.473,-9.921,-9.965
EGFR,EGFR_decoy_L015769,decoy,development_train,-8.534,-9.048,-7.875,-8.225,-9.792,-9.707,-9.15,-8.169,-9.341,-8.004,-7.843,-8.792
EGFR,EGFR_decoy_L015791,decoy,development_train,-7.085,-8.224,-6.896,-8.414,-8.6,-8.418,-8.229,-8.764,-8.587,-6.625,-7.269,-6.939
EGFR,EGFR_decoy_L015803,decoy,development_train,-8.711,-9.104,-8.545,-9.39,-9.53,-9.139,-9.459,-9.484,-9.068,-8.497,-8.454,-8.874
EGFR,EGFR_decoy_L015933,decoy,development_train,-9.316,-8.847,-9.066,-9.423,-9.463,-9.378,-9.572,-8.96,-8.946,-8.767,-9.31,-9.709
EGFR,EGFR_decoy_L016021,decoy,development_train,-7.236,-7.857,-6.831,-7.768,-7.99,-7.477,-8.95,-7.918,-7.839,-6.622,-7.276,-7.534
EGFR,EGFR_decoy_L016022,decoy,development_train,-7.053,-7.609,-7.359,-7.875,-7.961,-7.849,-8.541,-7.75,-7.821,-6.812,-6.803,-7.336
EGFR,EGFR_decoy_L016038,decoy,development_train,-10.13,-9.601,-8.724,-9.302,-9.807,-10.693,-10.288,-10.589,-11.0,-9.499,-8.815,-9.812
EGFR,EGFR_decoy_L016095,decoy,development_train,-6.933,-7.267,-6.527,-6.836,-6.798,-6.845,-6.557,-6.767,-6.83,-6.18,-7.161,-7.119
EGFR,EGFR_decoy_L016101,decoy,development_train,-7.244,-7.566,-6.931,-8.152,-8.214,-7.386,-7.469,-7.751,-7.915,-6.7,-6.875,-6.841
EGFR,EGFR_decoy_L016177,decoy,development_train,-8.745,-9.523,-7.914,-9.875,-10.102,-9.571,-9.99,-9.971,-10.417,-8.474,-8.341,-8.457
EGFR,EGFR_decoy_L016517,decoy,development_train,-7.724,-6.84,-7.546,-6.543,-6.848,-7.983,-7.975,-7.65,-7.027,-6.742,-7.32,-8.259
EGFR,EGFR_decoy_L016651,decoy,development_train,-7.884,-9.116,-7.953,-8.896,-8.974,-9.441,-8.734,-9.637,-9.146,-7.722,-8.433,-7.989
EGFR,EGFR_decoy_L016806,decoy,development_train,-7.566,-9.371,-7.389,-9.016,-9.15,-9.111,-8.918,-9.122,-9.498,-7.162,-7.857,-7.721
EGFR,EGFR_decoy_L016824,decoy,development_train,-8.327,-9.731,-7.6,-9.371,-9.513,-9.562,-8.997,-9.436,-9.743,-8.305,-8.531,-8.077
EGFR,EGFR_decoy_L016839,decoy,development_train,-7.263,-8.886,-7.172,-9.134,-9.107,-8.713,-8.588,-8.732,-8.732,-7.46,-7.541,-7.348
EGFR,EGFR_decoy_L016848,decoy,development_train,-7.98,-9.259,-7.97,-9.614,-9.587,-9.609,-9.134,-9.673,-9.698,-8.559,-7.697,-8.619
EGFR,EGFR_decoy_L016924,decoy,development_train,-8.451,-9.419,-8.037,-8.802,-9.263,-8.702,-9.347,-9.388,-8.622,-8.034,-8.206,-7.957
EGFR,EGFR_decoy_L017068,decoy,development_train,-9.451,-10.156,-9.151,-11.137,-11.106,-10.801,-10.498,-10.263,-10.664,-9.1,-9.247,-9.329
EGFR,EGFR_decoy_L017126,decoy,development_train,-9.649,-8.938,-8.388,-8.747,-9.088,-9.959,-8.986,-10.124,-9.102,-8.124,-8.598,-9.229
EGFR,EGFR_decoy_L017288,decoy,development_train,-8.266,-9.438,-8.538,-9.797,-9.709,-8.664,-9.734,-9.59,-9.923,-8.155,-8.349,-8.662
EGFR,EGFR_decoy_L017448,decoy,development_train,-8.692,-9.267,-7.353,-9.64,-9.098,-9.737,-9.038,-9.244,-9.303,-7.826,-8.005,-8.306
EGFR,EGFR_decoy_L017718,decoy,development_train,-8.537,-9.73,-8.273,-9.746,-10.28,-9.948,-10.4,-10.18,-10.558,-8.296,-8.486,-8.689
EGFR,EGFR_decoy_L017991,decoy,development_train,-8.595,-10.364,-9.31,-10.485,-10.885,-10.409,-9.644,-10.138,-10.217,-8.462,-8.737,-9.47
EGFR,EGFR_decoy_L017992,decoy,development_train,-8.86,-9.102,-8.551,-9.041,-9.375,-9.066,-9.187,-9.727,-9.047,-7.993,-8.517,-8.902
EGFR,EGFR_decoy_L017993,decoy,development_train,-10.108,-9.95,-9.188,-9.803,-9.374,-9.17,-9.364,-9.148,-9.15,-8.671,-9.175,-8.757
EGFR,EGFR_decoy_L017994,decoy,development_train,-9.716,-9.693,-8.435,-9.121,-9.132,-10.418,-8.699,-10.469,-10.163,-8.554,-8.981,-9.159
EGFR,EGFR_decoy_L017995,decoy,development_train,-9.465,-9.52,-8.867,-10.34,-10.375,-10.143,-9.477,-9.469,-9.632,-8.878,-8.532,-9.53
EGFR,EGFR_decoy_L017998,decoy,development_train,-8.672,-8.042,-7.929,-7.706,-7.744,-8.129,-8.672,-8.708,-8.108,-7.339,-8.08,-7.85
EGFR,EGFR_decoy_L018001,decoy,development_train,-10.318,-11.682,-9.187,-11.606,-11.586,-11.512,-10.506,-11.533,-11.73,-8.984,-9.055,-10.467
EGFR,EGFR_decoy_L018037,decoy,development_train,-11.317,-11.588,-9.816,-11.595,-10.661,-11.627,-11.458,-10.222,-10.919,-9.773,-9.648,-10.392
EGFR,EGFR_decoy_L018056,decoy,development_train,-10.432,-10.822,-9.348,-10.041,-10.751,-10.781,-10.715,-10.774,-10.576,-8.242,-8.774,-10.584
EGFR,EGFR_decoy_L018094,decoy,development_train,-9.396,-10.103,-8.375,-10.206,-10.193,-9.046,-9.128,-9.617,-10.572,-9.317,-9.147,-9.89
EGFR,EGFR_decoy_L018520,decoy,development_train,-8.949,-9.917,-8.861,-11.27,-11.287,-10.784,-10.462,-9.828,-10.797,-9.229,-9.066,-9.443
EGFR,EGFR_decoy_L018607,decoy,development_train,-9.229,-9.891,-8.184,-9.565,-9.291,-9.503,-9.42,-10.073,-10.155,-8.127,-8.114,-8.812
EGFR,EGFR_decoy_L018801,decoy,development_train,-8.145,-9.761,-7.452,-9.684,-9.598,-9.536,-8.844,-9.611,-9.43,-8.103,-8.49,-8.199
EGFR,EGFR_decoy_L019012,decoy,development_train,-8.5,-8.751,-7.798,-9.086,-9.028,-8.854,-9.138,-9.018,-8.945,-7.883,-8.408,-8.255
EGFR,EGFR_decoy_L019020,decoy,development_train,-7.144,-6.925,-6.853,-6.932,-6.903,-6.822,-6.539,-7.024,-6.889,-6.366,-6.679,-6.831
EGFR,EGFR_decoy_L019072,decoy,development_train,-8.623,-9.572,-8.115,-9.502,-9.821,-10.345,-10.215,-10.231,-10.296,-8.496,-8.181,-8.546
EGFR,EGFR_decoy_L019178,decoy,development_train,-7.89,-8.914,-7.488,-9.141,-9.157,-9.129,-9.279,-9.074,-9.846,-7.993,-7.851,-8.074
EGFR,EGFR_decoy_L019269,decoy,development_train,-7.531,-8.674,-7.678,-8.721,-8.67,-8.58,-9.014,-8.713,-8.696,-8.194,-8.063,-8.089
EGFR,EGFR_decoy_L019270,decoy,development_train,-8.05,-9.007,-7.531,-8.749,-8.928,-8.681,-9.126,-9.128,-9.176,-7.48,-8.06,-7.775
EGFR,EGFR_decoy_L019304,decoy,development_train,-7.298,-7.853,-6.638,-7.62,-7.512,-7.228,-7.301,-7.335,-7.73,-6.662,-7.311,-7.376
EGFR,EGFR_decoy_L019305,decoy,development_train,-7.345,-8.027,-6.88,-7.893,-7.792,-7.69,-7.449,-7.687,-7.974,-6.865,-7.34,-7.423
EGFR,EGFR_decoy_L019336,decoy,development_train,-7.077,-7.598,-6.793,-7.466,-7.541,-7.487,-7.201,-7.875,-7.66,-6.823,-6.988,-7.399
EGFR,EGFR_decoy_L019357,decoy,development_train,-7.515,-9.098,-6.899,-8.157,-8.297,-8.227,-8.264,-8.267,-8.3,-7.09,-7.54,-7.586
EGFR,EGFR_decoy_L019359,decoy,development_train,-7.126,-7.607,-6.912,-8.036,-7.747,-7.784,-7.71,-7.824,-7.977,-7.318,-7.123,-7.08
EGFR,EGFR_decoy_L019393,decoy,development_train,-7.082,-8.352,-7.225,-8.284,-8.367,-8.146,-7.91,-8.478,-8.377,-7.122,-7.276,-7.542
EGFR,EGFR_decoy_L019408,decoy,development_train,-7.398,-7.229,-7.307,-7.694,-7.327,-8.022,-7.448,-7.882,-7.92,-7.731,-7.802,-8.304
EGFR,EGFR_decoy_L019414,decoy,development_train,-7.363,-8.219,-6.718,-8.442,-8.511,-8.257,-8.313,-8.376,-8.176,-7.469,-7.704,-7.429
EGFR,EGFR_decoy_L019439,decoy,development_train,-8.134,-8.604,-8.035,-8.527,-8.646,-8.915,-8.703,-8.72,-8.157,-8.071,-7.762,-8.356
EGFR,EGFR_decoy_L019511,decoy,development_train,-7.28,-8.898,-7.023,-9.213,-8.91,-9.074,-8.585,-9.012,-9.04,-7.162,-7.717,-7.386
EGFR,EGFR_decoy_L019534,decoy,development_train,-7.069,-7.933,-6.578,-7.613,-7.747,-7.852,-7.543,-8.33,-8.056,-6.834,-6.804,-6.607
EGFR,EGFR_decoy_L019809,decoy,development_train,-8.352,-9.739,-8.538,-10.318,-10.286,-9.872,-9.299,-10.579,-10.591,-8.22,-8.294,-8.266
EGFR,EGFR_decoy_L019905,decoy,development_train,-7.309,-7.444,-6.832,-7.754,-7.964,-7.611,-7.41,-8.098,-8.567,-7.08,-7.614,-7.122
EGFR,EGFR_decoy_L019913,decoy,development_train,-6.586,-6.626,-6.301,-6.362,-6.468,-6.421,-6.713,-6.262,-6.623,-6.266,-6.616,-6.398
EGFR,EGFR_decoy_L019943,decoy,development_train,-7.137,-7.214,-6.804,-6.967,-7.019,-6.846,-6.791,-7.096,-7.019,-6.492,-7.215,-7.163
EGFR,EGFR_decoy_L019944,decoy,development_train,-5.749,-6.377,-6.226,-6.28,-6.229,-6.157,-6.125,-6.261,-6.268,-5.588,-6.254,-5.866
EGFR,EGFR_decoy_L019945,decoy,development_train,-6.553,-7.124,-6.347,-7.351,-7.187,-6.858,-7.057,-7.168,-7.099,-6.418,-6.66,-6.769
EGFR,EGFR_decoy_L019958,decoy,development_train,-8.887,-8.898,-8.251,-9.51,-9.406,-9.851,-8.555,-10.193,-9.348,-8.262,-8.356,-8.867
EGFR,EGFR_decoy_L020018,decoy,development_train,-9.912,-10.33,-9.081,-10.065,-10.015,-9.81,-9.898,-9.804,-10.053,-8.872,-9.097,-9.499
EGFR,EGFR_decoy_L020387,decoy,development_train,-9.828,-10.501,-8.994,-10.595,-10.931,-10.822,-10.096,-10.582,-10.716,-9.034,-9.357,-9.891
EGFR,EGFR_decoy_L020475,decoy,development_train,-8.958,-9.456,-8.537,-9.145,-9.194,-10.045,-9.006,-9.745,-9.066,-8.329,-8.635,-9.853
EGFR,EGFR_decoy_L020490,decoy,development_train,-9.55,-10.601,-9.469,-10.364,-11.009,-10.865,-10.856,-11.082,-11.169,-8.596,-9.28,-9.82
EGFR,EGFR_decoy_L020575,decoy,development_train,-8.898,-9.617,-8.648,-9.731,-9.929,-9.388,-9.592,-9.71,-9.564,-9.002,-9.153,-9.001
EGFR,EGFR_decoy_L020585,decoy,development_train,-7.941,-9.84,-7.74,-9.858,-9.888,-10.021,-9.868,-9.663,-9.916,-8.456,-8.191,-8.332
EGFR,EGFR_decoy_L020594,decoy,development_train,-7.827,-8.526,-8.159,-8.784,-8.77,-8.61,-8.897,-8.311,-8.907,-7.497,-8.499,-8.209
EGFR,EGFR_decoy_L020615,decoy,development_train,-8.718,-8.658,-8.023,-8.764,-8.773,-8.995,-9.048,-8.86,-9.301,-7.662,-8.019,-8.787
EGFR,EGFR_decoy_L020719,decoy,development_train,-8.496,-9.513,-7.998,-9.722,-9.83,-9.042,-9.395,-9.716,-9.417,-8.259,-7.988,-8.67
EGFR,EGFR_decoy_L020764,decoy,development_train,-9.085,-9.879,-8.199,-8.749,-9.096,-9.898,-9.615,-10.49,-9.949,-7.786,-8.762,-9.259
EGFR,EGFR_decoy_L020813,decoy,development_train,-7.087,-8.032,-7.048,-8.292,-8.403,-8.191,-7.866,-8.167,-8.16,-6.991,-7.35,-7.418
EGFR,EGFR_decoy_L020849,decoy,development_train,-7.942,-9.563,-7.848,-9.528,-9.49,-9.107,-9.055,-9.054,-9.187,-7.57,-7.908,-7.562
EGFR,EGFR_decoy_L020887,decoy,development_train,-10.516,-11.888,-9.849,-12.443,-12.124,-11.899,-11.392,-11.816,-11.909,-10.069,-10.379,-10.001
EGFR,EGFR_decoy_L020888,decoy,development_train,-10.217,-11.513,-9.365,-12.241,-12.189,-10.27,-11.781,-10.698,-11.196,-10.04,-9.524,-9.869
EGFR,EGFR_decoy_L021053,decoy,development_train,-9.282,-9.792,-9.529,-9.852,-11.044,-9.547,-9.902,-10.411,-10.575,-9.814,-10.823,-10.259
EGFR,EGFR_decoy_L021131,decoy,development_train,-8.056,-9.007,-8.474,-7.742,-8.266,-8.611,-7.775,-8.965,-8.535,-8.394,-8.023,-8.335
EGFR,EGFR_decoy_L021137,decoy,development_train,-8.681,-9.61,-8.793,-9.302,-10.125,-10.089,-10.517,-10.732,-10.472,-8.896,-8.112,-8.689
EGFR,EGFR_decoy_L021145,decoy,development_train,-9.474,-8.583,-8.283,-9.087,-10.457,-9.793,-10.323,-9.088,-9.536,-8.491,-8.774,-9.042
EGFR,EGFR_decoy_L021235,decoy,development_train,-9.381,-9.735,-9.695,-9.61,-9.69,-11.077,-10.359,-10.971,-9.84,-9.292,-9.342,-9.504
EGFR,EGFR_decoy_L021236,decoy,development_train,-8.969,-10.31,-9.213,-10.298,-9.867,-10.193,-9.969,-10.541,-9.967,-9.097,-8.801,-9.659
EGFR,EGFR_decoy_L021362,decoy,development_train,-7.917,-9.147,-7.987,-9.948,-9.902,-9.629,-8.472,-10.056,-9.857,-7.751,-8.206,-8.233
EGFR,EGFR_decoy_L021363,decoy,development_train,-7.845,-8.446,-8.183,-8.877,-9.237,-9.229,-8.581,-9.468,-9.976,-8.012,-7.792,-8.049
EGFR,EGFR_decoy_L021458,decoy,development_train,-7.91,-9.595,-7.456,-9.243,-9.195,-8.867,-8.544,-9.104,-9.547,-7.948,-7.953,-8.212
EGFR,EGFR_decoy_L021480,decoy,development_train,-7.626,-8.907,-7.674,-8.684,-8.911,-8.566,-8.473,-8.409,-8.663,-7.47,-7.956,-7.98
EGFR,EGFR_decoy_L021658,decoy,development_train,-8.672,-10.249,-8.684,-10.004,-10.214,-10.037,-10.105,-9.922,-10.42,-7.462,-8.235,-8.562
EGFR,EGFR_decoy_L021684,decoy,development_train,-8.69,-9.937,-7.811,-9.94,-9.862,-9.646,-9.438,-10.141,-10.153,-8.375,-8.078,-8.958
EGFR,EGFR_decoy_L021697,decoy,development_train,-8.111,-9.94,-7.961,-9.776,-9.82,-9.748,-9.247,-9.842,-9.936,-8.566,-8.533,-8.362
EGFR,EGFR_decoy_L021754,decoy,development_train,-6.478,-7.172,-6.273,-7.296,-7.315,-6.799,-6.965,-6.984,-7.286,-5.971,-6.575,-6.326
EGFR,EGFR_decoy_L021870,decoy,development_train,-6.809,-7.571,-6.52,-6.756,-7.309,-7.254,-7.103,-7.435,-7.291,-6.698,-6.837,-6.67
EGFR,EGFR_decoy_L021887,decoy,development_train,-6.848,-6.586,-6.601,-6.652,-7.074,-5.981,-6.374,-6.311,-6.527,-6.036,-6.211,-6.951
EGFR,EGFR_decoy_L022032,decoy,development_train,-9.282,-10.548,-8.382,-10.925,-11.117,-10.612,-10.307,-10.833,-10.631,-8.337,-8.553,-9.021
EGFR,EGFR_decoy_L022033,decoy,development_train,-8.967,-10.438,-8.929,-11.262,-11.297,-10.762,-9.676,-10.814,-10.943,-8.136,-8.649,-9.05
EGFR,EGFR_decoy_L022071,decoy,development_train,-8.434,-9.205,-8.584,-9.222,-9.376,-9.427,-9.106,-9.479,-9.352,-8.117,-8.042,-8.3
EGFR,EGFR_decoy_L022380,decoy,development_train,-7.946,-8.079,-7.748,-7.543,-8.186,-8.558,-7.549,-8.138,-7.992,-7.479,-8.199,-8.39
EGFR,EGFR_decoy_L022555,decoy,development_train,-9.202,-10.033,-8.606,-9.551,-9.677,-9.523,-9.71,-8.615,-8.631,-8.769,-9.499,-9.189
EGFR,EGFR_decoy_L022613,decoy,development_train,-6.788,-7.144,-6.82,-7.227,-7.029,-7.272,-7.182,-7.075,-7.319,-6.249,-7.21,-6.934
EGFR,EGFR_decoy_L022707,decoy,development_train,-7.381,-8.797,-7.871,-8.931,-9.138,-8.64,-8.537,-8.788,-8.84,-7.39,-7.75,-7.45
EGFR,EGFR_decoy_L022747,decoy,development_train,-8.479,-9.81,-8.346,-9.942,-10.241,-9.689,-9.446,-10.165,-9.9,-7.983,-8.203,-8.501
EGFR,EGFR_decoy_L022808,decoy,development_train,-7.697,-8.458,-6.902,-7.946,-8.378,-8.382,-7.867,-8.235,-7.732,-7.793,-7.469,-7.577
EGFR,EGFR_decoy_L022853,decoy,development_train,-6.968,-8.324,-7.302,-8.248,-8.612,-8.174,-8.396,-8.149,-8.196,-6.559,-6.877,-6.974
EGFR,EGFR_decoy_L022931,decoy,development_train,-8.629,-9.879,-7.977,-9.716,-10.215,-9.18,-8.903,-9.844,-9.738,-8.587,-8.743,-8.869
EGFR,EGFR_decoy_L022941,decoy,development_train,-8.559,-9.551,-9.285,-9.91,-10.073,-9.417,-9.056,-10.168,-10.026,-8.477,-8.405,-8.787
EGFR,EGFR_decoy_L023097,decoy,development_train,-7.503,-8.282,-7.76,-7.826,-7.922,-7.955,-9.427,-8.002,-8.529,-7.264,-7.684,-7.728
EGFR,EGFR_decoy_L023122,decoy,development_train,-8.184,-9.056,-7.744,-9.136,-8.599,-8.949,-8.996,-8.76,-8.922,-8.168,-7.943,-8.112
EGFR,EGFR_decoy_L023216,decoy,development_train,-7.672,-9.186,-7.352,-9.335,-8.986,-8.886,-9.124,-8.925,-9.034,-8.062,-7.866,-7.593
EGFR,EGFR_decoy_L023217,decoy,development_train,-7.834,-9.228,-7.197,-9.072,-9.014,-8.819,-8.505,-9.117,-9.281,-7.003,-7.323,-7.71
EGFR,EGFR_decoy_L023308,decoy,development_train,-7.636,-9.218,-7.438,-9.293,-9.197,-8.944,-8.67,-9.433,-9.397,-7.097,-7.435,-7.663
EGFR,EGFR_decoy_L023351,decoy,development_train,-9.133,-10.753,-8.439,-10.579,-10.506,-10.068,-10.544,-10.232,-10.126,-8.496,-8.359,-8.983
EGFR,EGFR_decoy_L023372,decoy,development_train,-8.615,-9.424,-7.963,-9.621,-9.545,-9.948,-9.777,-9.707,-10.596,-8.177,-8.9,-8.956
EGFR,EGFR_decoy_L023373,decoy,development_train,-8.688,-9.826,-7.798,-9.928,-9.693,-9.767,-8.844,-9.729,-9.711,-8.486,-8.305,-8.811
EGFR,EGFR_decoy_L023401,decoy,development_train,-8.608,-7.896,-8.494,-7.422,-8.372,-8.551,-8.158,-7.967,-8.007,-7.841,-8.045,-7.835
EGFR,EGFR_decoy_L023407,decoy,development_train,-7.708,-8.894,-7.509,-8.633,-9.029,-8.485,-8.674,-9.102,-8.891,-7.151,-7.622,-8.017
EGFR,EGFR_decoy_L023434,decoy,development_train,-6.911,-6.703,-6.846,-6.506,-6.412,-7.801,-7.276,-7.191,-6.861,-7.241,-7.34,-6.515
EGFR,EGFR_decoy_L023493,decoy,development_train,-8.263,-8.529,-7.161,-8.774,-8.502,-8.056,-9.113,-8.56,-8.644,-7.165,-7.495,-8.516
EGFR,EGFR_decoy_L023530,decoy,development_train,-8.961,-9.163,-8.041,-9.176,-9.035,-9.031,-8.951,-9.047,-9.139,-8.407,-8.248,-8.393
EGFR,EGFR_decoy_L023532,decoy,development_train,-8.17,-8.785,-7.394,-9.618,-9.619,-9.191,-7.963,-9.816,-9.349,-7.806,-7.998,-7.85
EGFR,EGFR_decoy_L023584,decoy,development_train,-7.781,-8.527,-7.311,-9.133,-7.768,-8.229,-7.461,-8.409,-7.986,-7.505,-7.513,-7.659
EGFR,EGFR_decoy_L023710,decoy,development_train,-8.508,-10.127,-7.677,-10.068,-10.264,-9.908,-10.01,-9.758,-10.013,-8.043,-8.405,-8.461
EGFR,EGFR_decoy_L023753,decoy,development_train,-8.028,-8.962,-7.348,-8.239,-8.72,-8.948,-8.505,-9.129,-8.45,-8.162,-7.864,-8.485
EGFR,EGFR_decoy_L023772,decoy,development_train,-8.566,-9.05,-7.818,-8.731,-9.044,-9.225,-10.181,-9.348,-9.286,-7.825,-8.586,-8.515
EGFR,EGFR_decoy_L023813,decoy,development_train,-7.373,-7.958,-6.816,-7.973,-8.029,-7.612,-7.502,-7.759,-7.674,-7.056,-6.963,-7.334
EGFR,EGFR_decoy_L023976,decoy,development_train,-7.816,-9.453,-7.876,-9.231,-9.368,-9.293,-9.215,-9.379,-9.746,-8.078,-8.017,-7.584
EGFR,EGFR_decoy_L024417,decoy,development_train,-8.572,-10.084,-8.571,-9.565,-9.101,-10.193,-8.939,-9.95,-9.046,-8.04,-8.352,-8.949
EGFR,EGFR_decoy_L024418,decoy,development_train,-8.505,-10.077,-8.456,-10.548,-10.511,-11.3,-10.263,-11.078,-11.377,-8.319,-8.722,-8.589
EGFR,EGFR_decoy_L024425,decoy,development_train,-8.474,-9.554,-8.511,-9.353,-9.636,-9.734,-8.899,-9.831,-9.686,-8.004,-8.045,-9.032
EGFR,EGFR_decoy_L024432,decoy,development_train,-8.062,-9.441,-8.171,-10.238,-10.143,-9.586,-9.882,-9.899,-10.156,-7.734,-8.221,-8.111
EGFR,EGFR_decoy_L024433,decoy,development_train,-9.053,-10.779,-8.83,-10.757,-10.75,-10.993,-10.419,-11.048,-11.652,-8.375,-9.032,-9.756
EGFR,EGFR_decoy_L024473,decoy,development_train,-9.097,-10.562,-8.382,-10.242,-10.647,-10.886,-10.857,-10.092,-10.814,-8.238,-8.896,-9.05
EGFR,EGFR_decoy_L024816,decoy,development_train,-7.127,-6.863,-7.904,-7.081,-5.987,-8.977,-6.932,-7.125,-5.93,-7.616,-6.646,-6.859
EGFR,EGFR_decoy_L024836,decoy,development_train,-8.29,-8.983,-8.058,-8.468,-8.677,-8.644,-8.759,-8.242,-8.483,-7.676,-8.433,-8.588
EGFR,EGFR_decoy_L024858,decoy,development_train,-7.686,-9.074,-8.107,-8.873,-8.231,-8.622,-9.236,-8.812,-8.585,-8.427,-7.795,-8.287
EGFR,EGFR_decoy_L024988,decoy,development_train,-8.504,-9.803,-8.081,-9.257,-9.454,-9.687,-9.897,-9.868,-9.816,-8.749,-8.414,-8.732
EGFR,EGFR_decoy_L025262,decoy,development_train,-7.922,-8.362,-7.818,-8.636,-8.26,-8.099,-9.432,-8.71,-8.257,-7.838,-7.617,-8.29
EGFR,EGFR_decoy_L025348,decoy,development_train,-7.831,-10.455,-8.438,-10.302,-10.354,-10.493,-10.847,-10.373,-10.204,-8.07,-8.649,-8.108
EGFR,EGFR_decoy_L025355,decoy,development_train,-9.421,-10.714,-8.549,-11.357,-11.242,-10.962,-10.665,-10.923,-10.29,-8.688,-8.973,-9.927
EGFR,EGFR_decoy_L025374,decoy,development_train,-8.282,-9.742,-8.098,-9.716,-9.406,-9.34,-9.529,-9.701,-9.475,-7.742,-7.757,-9.0
EGFR,EGFR_decoy_L025473,decoy,development_train,-7.115,-7.349,-7.863,-7.402,-7.46,-7.299,-7.43,-7.477,-7.856,-7.055,-7.404,-7.369
EGFR,EGFR_decoy_L025507,decoy,development_train,-8.392,-9.292,-8.384,-9.21,-9.461,-9.144,-8.948,-9.709,-8.978,-7.984,-8.281,-8.199
EGFR,EGFR_decoy_L025566,decoy,development_train,-8.371,-8.842,-8.298,-8.876,-9.173,-9.408,-10.071,-9.253,-9.938,-8.237,-8.77,-8.526
EGFR,EGFR_decoy_L025589,decoy,development_train,-7.242,-7.605,-7.332,-7.584,-7.619,-7.835,-7.998,-8.739,-7.352,-7.071,-7.266,-8.06
EGFR,EGFR_decoy_L025702,decoy,development_train,-8.479,-9.78,-8.26,-9.248,-9.399,-9.144,-9.401,-9.481,-9.448,-8.425,-8.604,-9.032
EGFR,EGFR_decoy_L025841,decoy,development_train,-8.096,-9.001,-6.543,-9.064,-9.136,-9.083,-7.924,-9.444,-8.909,-7.681,-7.257,-7.297
EGFR,EGFR_decoy_L025862,decoy,development_train,-7.524,-8.978,-7.38,-8.922,-9.187,-8.591,-7.893,-9.031,-8.94,-7.99,-7.785,-7.788
EGFR,EGFR_decoy_L025979,decoy,development_train,-8.345,-9.966,-8.357,-10.158,-10.245,-10.155,-10.09,-10.145,-10.41,-8.106,-8.354,-8.587
EGFR,EGFR_decoy_L026012,decoy,development_train,-7.665,-8.747,-8.063,-9.032,-9.243,-9.088,-8.842,-9.307,-9.107,-7.54,-8.164,-7.834
EGFR,EGFR_decoy_L026014,decoy,development_train,-6.973,-8.804,-7.284,-8.731,-8.81,-8.603,-8.543,-8.79,-8.585,-7.178,-7.592,-8.023
EGFR,EGFR_decoy_L026023,decoy,development_train,-9.856,-10.16,-8.603,-10.499,-10.448,-9.912,-10.13,-10.158,-10.095,-9.38,-9.224,-9.397
EGFR,EGFR_decoy_L026065,decoy,development_train,-9.12,-9.201,-7.755,-9.398,-9.933,-10.028,-8.707,-8.782,-9.189,-7.96,-7.737,-8.786
EGFR,EGFR_decoy_L026220,decoy,development_train,-8.379,-8.677,-7.864,-9.376,-9.126,-9.1,-8.757,-9.631,-8.983,-8.177,-7.64,-9.0
EGFR,EGFR_decoy_L026470,decoy,development_train,-8.107,-9.349,-7.389,-9.498,-9.353,-9.019,-8.9,-9.519,-9.3,-8.159,-8.004,-7.91
EGFR,EGFR_decoy_L026503,decoy,development_train,-8.325,-8.816,-8.625,-8.937,-8.792,-9.419,-9.594,-9.182,-8.961,-8.182,-8.277,-9.043
EGFR,EGFR_decoy_L026611,decoy,development_train,-8.93,-10.349,-7.95,-9.128,-9.039,-9.568,-9.616,-9.457,-9.771,-8.322,-8.13,-8.757
EGFR,EGFR_decoy_L026647,decoy,development_train,-9.048,-10.225,-8.314,-10.574,-10.695,-10.779,-10.097,-10.066,-10.044,-7.856,-7.875,-8.255
EGFR,EGFR_decoy_L026662,decoy,development_train,-7.5,-8.655,-7.514,-8.148,-8.248,-8.11,-8.004,-8.207,-8.131,-7.475,-7.747,-8.023
EGFR,EGFR_decoy_L026849,decoy,development_train,-8.002,-10.073,-7.768,-9.688,-9.903,-10.006,-9.61,-8.83,-10.271,-8.074,-7.69,-9.041
EGFR,EGFR_decoy_L026850,decoy,development_train,-9.048,-9.227,-7.781,-9.006,-9.271,-10.106,-9.03,-9.735,-9.264,-8.333,-7.938,-9.49
EGFR,EGFR_decoy_L027031,decoy,development_train,-7.408,-8.382,-7.201,-8.251,-8.744,-8.361,-8.329,-8.609,-8.245,-7.038,-7.29,-7.261
EGFR,EGFR_decoy_L027032,decoy,development_train,-6.937,-8.538,-6.806,-8.211,-8.38,-7.932,-7.834,-8.286,-8.204,-6.561,-7.076,-7.402
EGFR,EGFR_decoy_L027100,decoy,development_train,-8.516,-8.748,-7.905,-8.952,-9.004,-8.323,-10.009,-9.022,-9.484,-8.312,-8.669,-7.862
EGFR,EGFR_decoy_L027199,decoy,development_train,-8.255,-9.78,-8.432,-10.001,-10.166,-10.017,-9.826,-8.786,-10.722,-8.728,-8.1,-8.404
EGFR,EGFR_decoy_L027201,decoy,development_train,-8.812,-9.846,-8.145,-9.912,-9.977,-10.068,-9.101,-10.531,-10.954,-9.116,-8.686,-8.958
EGFR,EGFR_decoy_L027270,decoy,development_train,-7.887,-9.023,-7.545,-8.888,-8.84,-9.151,-9.201,-8.942,-8.821,-7.56,-8.378,-7.864
EGFR,EGFR_decoy_L027271,decoy,development_train,-8.394,-8.667,-7.923,-8.522,-8.937,-9.648,-8.641,-8.921,-8.874,-7.455,-7.415,-7.927
EGFR,EGFR_decoy_L027326,decoy,development_train,-7.584,-8.748,-7.755,-8.709,-8.675,-8.832,-8.299,-8.38,-8.644,-7.495,-7.51,-7.844
EGFR,EGFR_decoy_L027411,decoy,development_train,-7.891,-8.244,-8.402,-8.507,-8.547,-9.503,-9.549,-8.679,-9.274,-7.189,-7.978,-7.65
EGFR,EGFR_decoy_L027441,decoy,development_train,-8.269,-8.511,-8.86,-8.994,-8.899,-9.786,-9.177,-8.636,-8.465,-8.154,-8.113,-8.306
EGFR,EGFR_decoy_L027465,decoy,development_train,-7.279,-7.934,-6.92,-7.957,-7.967,-7.552,-7.433,-7.841,-7.756,-7.094,-6.981,-7.423
EGFR,EGFR_decoy_L027489,decoy,development_train,-7.036,-7.74,-6.61,-7.579,-7.543,-7.283,-7.029,-7.288,-7.48,-6.587,-6.722,-6.962
EGFR,EGFR_decoy_L027787,decoy,development_train,-8.61,-10.004,-7.975,-9.781,-9.762,-9.606,-9.113,-10.138,-9.77,-8.141,-8.329,-8.699
EGFR,EGFR_decoy_L027813,decoy,development_train,-7.401,-8.476,-7.759,-9.152,-8.913,-9.62,-8.545,-9.598,-9.444,-7.951,-7.79,-7.937
EGFR,EGFR_decoy_L027932,decoy,development_train,-8.329,-8.987,-7.726,-9.266,-9.348,-9.53,-9.646,-9.615,-9.998,-8.087,-7.875,-8.423
EGFR,EGFR_decoy_L027939,decoy,development_train,-7.892,-8.743,-7.262,-8.771,-8.887,-8.737,-8.496,-9.222,-9.144,-7.854,-7.812,-7.926
EGFR,EGFR_decoy_L027944,decoy,development_train,-7.708,-8.55,-6.986,-8.536,-8.528,-8.691,-9.42,-8.907,-8.7,-7.34,-7.401,-8.186
EGFR,EGFR_decoy_L028296,decoy,development_train,-7.948,-9.319,-7.533,-9.047,-9.134,-9.002,-9.215,-9.29,-9.166,-8.167,-7.898,-7.78
EGFR,EGFR_decoy_L028534,decoy,development_train,-8.38,-9.402,-7.911,-9.141,-9.446,-9.416,-9.37,-9.41,-10.203,-8.006,-8.141,-8.425
EGFR,EGFR_decoy_L028623,decoy,development_train,-6.355,-7.303,-6.357,-7.749,-7.917,-6.807,-7.429,-8.101,-8.297,-6.716,-6.866,-6.773
EGFR,EGFR_decoy_L028666,decoy,development_train,-9.36,-10.328,-8.568,-10.581,-10.635,-9.2,-9.41,-9.884,-10.038,-9.251,-8.658,-8.612
EGFR,EGFR_decoy_L028811,decoy,development_train,-9.2,-10.652,-9.178,-10.372,-11.017,-9.64,-10.07,-10.456,-11.309,-9.055,-9.17,-8.958
EGFR,EGFR_decoy_L028856,decoy,development_train,-8.935,-9.782,-8.677,-10.056,-10.309,-10.273,-9.998,-10.355,-10.198,-9.09,-8.483,-9.093
EGFR,EGFR_decoy_L028857,decoy,development_train,-8.846,-11.07,-8.721,-10.153,-10.346,-10.828,-10.288,-10.836,-10.909,-8.373,-8.761,-8.805
EGFR,EGFR_decoy_L028933,decoy,development_train,-8.068,-9.197,-7.998,-9.114,-9.279,-9.117,-9.287,-9.189,-9.106,-8.255,-8.256,-7.887
EGFR,EGFR_decoy_L028951,decoy,development_train,-9.517,-9.685,-9.139,-10.248,-10.568,-9.78,-9.002,-10.537,-10.467,-8.481,-9.54,-9.331
EGFR,EGFR_decoy_L028952,decoy,development_train,-7.769,-8.772,-8.706,-8.928,-7.898,-9.874,-9.255,-9.082,-8.814,-7.549,-8.708,-8.101
EGFR,EGFR_decoy_L029088,decoy,development_train,-9.049,-9.107,-8.627,-8.721,-9.488,-9.874,-9.044,-9.738,-9.126,-8.324,-8.814,-9.124
EGFR,EGFR_decoy_L029110,decoy,development_train,-8.674,-9.875,-8.333,-10.088,-10.557,-9.632,-9.09,-9.653,-9.317,-8.116,-7.983,-8.532
EGFR,EGFR_decoy_L029121,decoy,development_train,-8.991,-8.623,-9.133,-8.534,-8.856,-10.198,-9.357,-10.316,-8.798,-8.999,-8.094,-9.551
EGFR,EGFR_decoy_L029138,decoy,development_train,-9.56,-9.891,-9.317,-9.467,-10.649,-10.562,-9.752,-9.898,-11.026,-9.323,-9.278,-9.88
EGFR,EGFR_decoy_L029148,decoy,development_train,-8.872,-9.314,-8.717,-9.098,-9.558,-10.987,-8.863,-9.051,-11.024,-8.478,-8.939,-8.72
EGFR,EGFR_decoy_L029233,decoy,development_train,-9.314,-10.97,-9.067,-10.065,-10.803,-12.002,-10.951,-11.668,-10.287,-8.66,-8.439,-9.357
EGFR,EGFR_decoy_L029279,decoy,development_train,-8.443,-9.711,-8.04,-9.378,-9.279,-8.859,-9.177,-9.268,-9.218,-8.262,-7.994,-8.359
EGFR,EGFR_decoy_L029460,decoy,development_train,-7.925,-9.006,-7.444,-9.068,-9.31,-8.719,-8.993,-8.708,-8.595,-7.214,-7.73,-7.917
EGFR,EGFR_decoy_L029643,decoy,development_train,-6.873,-8.131,-7.256,-8.02,-8.042,-7.54,-8.193,-8.059,-8.006,-6.779,-6.589,-6.85
EGFR,EGFR_decoy_L029716,decoy,development_train,-7.946,-11.154,-8.124,-10.396,-10.792,-10.796,-8.66,-10.609,-11.129,-8.226,-8.236,-8.704
EGFR,EGFR_decoy_L029749,decoy,development_train,-7.452,-8.324,-7.466,-7.857,-7.962,-8.39,-8.14,-8.586,-8.164,-7.294,-7.428,-7.702
EGFR,EGFR_decoy_L029762,decoy,development_train,-6.961,-7.697,-7.025,-8.33,-8.089,-7.777,-7.244,-8.096,-8.109,-6.855,-6.81,-6.891
EGFR,EGFR_decoy_L029797,decoy,development_train,-8.008,-9.113,-7.68,-9.62,-9.873,-8.904,-8.824,-9.279,-9.389,-7.262,-7.685,-7.798
EGFR,EGFR_decoy_L029895,decoy,development_train,-8.167,-9.868,-7.98,-9.861,-10.173,-9.818,-9.481,-10.126,-9.996,-8.642,-7.845,-8.231
EGFR,EGFR_decoy_L030068,decoy,development_train,-7.763,-8.932,-7.477,-9.377,-9.27,-8.963,-8.456,-9.291,-8.903,-7.771,-7.645,-8.031
EGFR,EGFR_decoy_L030123,decoy,development_train,-8.504,-8.895,-7.679,-8.935,-8.82,-9.065,-7.947,-8.875,-8.723,-7.71,-7.916,-8.394
EGFR,EGFR_decoy_L030350,decoy,development_train,-8.624,-9.851,-7.83,-9.513,-9.831,-9.886,-10.151,-10.325,-9.879,-7.48,-7.901,-8.625
EGFR,EGFR_decoy_L030504,decoy,development_train,-8.251,-9.639,-8.422,-10.13,-10.183,-9.761,-9.419,-10.01,-9.875,-8.584,-8.555,-8.273
EGFR,EGFR_decoy_L030509,decoy,development_train,-8.928,-9.803,-8.952,-10.462,-9.91,-9.685,-9.512,-9.917,-9.944,-8.679,-8.557,-8.693
EGFR,EGFR_decoy_L030510,decoy,development_train,-9.283,-9.321,-8.665,-9.419,-9.488,-9.47,-8.798,-9.726,-9.616,-8.328,-8.565,-9.293
EGFR,EGFR_decoy_L030511,decoy,development_train,-9.172,-9.875,-8.398,-9.809,-9.91,-10.038,-9.662,-10.147,-9.76,-8.476,-8.218,-8.912
EGFR,EGFR_decoy_L030620,decoy,development_train,-8.574,-10.549,-8.519,-10.811,-11.011,-10.166,-9.916,-10.056,-9.994,-8.486,-8.624,-8.778
EGFR,EGFR_decoy_L030656,decoy,development_train,-8.732,-9.657,-7.632,-9.872,-9.764,-9.704,-10.187,-10.102,-9.777,-8.478,-8.637,-8.593
EGFR,EGFR_decoy_L030659,decoy,development_train,-7.795,-9.028,-8.158,-8.404,-8.431,-9.261,-7.222,-7.979,-6.953,-7.734,-8.067,-7.907
EGFR,EGFR_decoy_L030807,decoy,development_train,-7.928,-9.385,-7.793,-9.191,-9.55,-9.457,-9.441,-10.111,-10.315,-7.961,-7.666,-8.317
EGFR,EGFR_decoy_L030845,decoy,development_train,-8.874,-9.296,-7.903,-9.672,-9.701,-10.019,-9.901,-9.893,-9.73,-7.748,-8.395,-8.051
EGFR,EGFR_decoy_L030865,decoy,development_train,-8.567,-9.458,-7.408,-9.489,-9.911,-9.682,-9.121,-9.981,-9.523,-7.407,-7.597,-8.071
EGFR,EGFR_decoy_L031202,decoy,development_train,-7.652,-8.365,-7.245,-8.59,-8.886,-8.67,-8.425,-8.537,-7.857,-8.088,-7.423,-8.323
EGFR,EGFR_decoy_L031252,decoy,development_train,-8.103,-8.281,-6.997,-8.872,-8.966,-9.011,-8.804,-9.171,-8.929,-7.44,-7.837,-8.177
EGFR,EGFR_decoy_L031258,decoy,development_train,-7.869,-9.054,-7.546,-8.902,-8.677,-8.641,-8.41,-8.633,-8.704,-7.092,-6.987,-8.111
EGFR,EGFR_decoy_L031312,decoy,development_train,-8.63,-9.393,-7.679,-8.773,-8.326,-8.74,-8.907,-8.869,-9.257,-8.101,-7.716,-8.467
EGFR,EGFR_decoy_L031321,decoy,development_train,-8.762,-9.728,-7.482,-9.981,-10.151,-8.856,-9.697,-8.985,-9.724,-7.114,-8.559,-8.892
EGFR,EGFR_decoy_L031551,decoy,development_train,-7.54,-8.144,-7.252,-7.761,-7.965,-7.729,-7.698,-7.791,-8.101,-7.041,-7.427,-8.307
EGFR,EGFR_decoy_L031609,decoy,development_train,-8.22,-8.303,-7.312,-9.239,-8.937,-8.986,-9.631,-9.59,-9.922,-7.901,-8.214,-8.081
EGFR,EGFR_decoy_L031659,decoy,development_train,-7.236,-8.011,-7.059,-8.549,-8.728,-7.732,-8.929,-8.69,-8.026,-7.047,-7.742,-7.478
EGFR,EGFR_decoy_L031707,decoy,development_train,-8.447,-9.58,-8.395,-9.463,-9.753,-9.432,-8.869,-10.017,-9.98,-8.172,-8.169,-9.056
EGFR,EGFR_decoy_L031764,decoy,development_train,-8.275,-8.631,-7.243,-9.207,-8.895,-9.083,-8.316,-9.326,-9.355,-7.517,-7.501,-8.057
EGFR,EGFR_decoy_L031779,decoy,development_train,-8.981,-10.592,-8.442,-10.342,-10.615,-10.076,-10.007,-10.618,-10.803,-7.897,-7.772,-8.414
EGFR,EGFR_decoy_L031945,decoy,development_train,-8.206,-9.595,-8.414,-9.82,-9.91,-9.994,-8.923,-9.757,-9.992,-8.781,-8.817,-8.743
EGFR,EGFR_decoy_L032117,decoy,development_train,-8.597,-10.044,-7.782,-10.516,-10.093,-10.265,-10.786,-10.168,-10.785,-8.398,-8.156,-8.42
EGFR,EGFR_decoy_L032345,decoy,development_train,-7.636,-9.05,-7.391,-9.307,-9.274,-9.437,-9.005,-9.153,-9.0,-7.597,-7.998,-7.882
EGFR,EGFR_decoy_L032414,decoy,development_train,-7.342,-7.384,-6.425,-7.397,-7.453,-7.301,-6.807,-7.297,-7.289,-6.853,-7.352,-7.159
EGFR,EGFR_decoy_L032464,decoy,development_train,-7.366,-8.211,-7.605,-7.636,-8.26,-7.855,-7.424,-7.771,-7.818,-7.391,-8.032,-7.474
EGFR,EGFR_decoy_L032648,decoy,development_train,-7.879,-9.135,-7.98,-9.436,-9.363,-9.566,-9.321,-9.772,-9.949,-7.708,-8.008,-7.671
EGFR,EGFR_decoy_L032690,decoy,development_train,-8.27,-9.131,-7.528,-8.272,-8.687,-8.976,-8.427,-8.892,-8.752,-7.789,-8.198,-8.351
EGFR,EGFR_decoy_L032785,decoy,development_train,-8.654,-9.946,-8.032,-9.976,-10.069,-10.142,-9.947,-10.097,-9.904,-8.552,-8.663,-9.008
EGFR,EGFR_decoy_L032910,decoy,development_train,-8.151,-9.138,-7.939,-8.843,-8.91,-8.809,-9.234,-8.525,-8.603,-7.779,-7.843,-8.32
EGFR,EGFR_decoy_L032931,decoy,development_train,-8.081,-8.884,-8.21,-8.888,-8.65,-8.661,-9.199,-8.651,-8.85,-7.767,-7.763,-8.344
EGFR,EGFR_decoy_L032988,decoy,development_train,-8.281,-9.167,-8.029,-9.251,-9.54,-9.173,-9.066,-9.268,-9.137,-7.908,-8.496,-7.943
EGFR,EGFR_decoy_L032990,decoy,development_train,-8.026,-9.197,-8.148,-9.245,-9.288,-9.393,-8.629,-9.767,-9.352,-7.712,-8.329,-8.244
EGFR,EGFR_decoy_L033001,decoy,development_train,-7.748,-8.358,-7.434,-8.91,-8.803,-8.318,-8.395,-8.262,-8.563,-7.299,-7.498,-7.59
EGFR,EGFR_decoy_L033038,decoy,development_train,-6.721,-7.419,-6.635,-7.244,-7.566,-7.361,-7.359,-7.274,-7.06,-6.492,-6.679,-6.711
EGFR,EGFR_decoy_L033153,decoy,development_train,-7.718,-9.003,-7.403,-8.714,-8.933,-8.817,-8.28,-8.678,-9.142,-7.413,-7.553,-7.701
EGFR,EGFR_decoy_L033261,decoy,development_train,-8.938,-9.965,-8.154,-9.924,-10.119,-9.46,-9.669,-10.434,-10.782,-8.534,-8.607,-8.952
EGFR,EGFR_decoy_L033331,decoy,development_train,-8.404,-9.451,-8.813,-9.672,-9.953,-9.45,-8.508,-9.05,-8.965,-8.181,-9.091,-9.143
EGFR,EGFR_decoy_L033455,decoy,development_train,-8.243,-11.29,-8.221,-11.183,-11.106,-10.372,-11.207,-10.883,-11.023,-8.062,-8.324,-8.052
EGFR,EGFR_decoy_L033611,decoy,development_train,-9.628,-9.457,-8.203,-10.097,-10.677,-10.277,-9.967,-9.339,-9.019,-8.573,-8.714,-8.939
EGFR,EGFR_decoy_L033628,decoy,development_train,-8.363,-9.61,-9.015,-9.839,-9.506,-9.258,-9.409,-9.865,-9.627,-8.874,-8.576,-8.745
EGFR,EGFR_decoy_L033639,decoy,development_train,-9.143,-10.156,-8.884,-9.652,-9.849,-9.683,-10.327,-9.853,-9.966,-9.233,-8.845,-9.097
EGFR,EGFR_decoy_L033715,decoy,development_train,-9.742,-9.675,-9.2,-9.713,-9.397,-10.633,-9.394,-9.694,-10.675,-9.626,-9.502,-9.394
EGFR,EGFR_decoy_L033744,decoy,development_train,-7.966,-10.686,-8.195,-10.363,-10.728,-10.777,-11.174,-11.05,-11.082,-7.451,-7.386,-8.439
EGFR,EGFR_decoy_L033772,decoy,development_train,-6.921,-7.714,-6.987,-7.723,-7.745,-7.624,-7.108,-7.887,-7.86,-6.448,-5.933,-7.542
EGFR,EGFR_decoy_L033805,decoy,development_train,-6.662,-7.169,-6.391,-6.946,-6.941,-6.959,-7.039,-6.881,-6.895,-6.495,-6.61,-6.759
EGFR,EGFR_decoy_L033811,decoy,development_train,-7.193,-7.339,-6.826,-7.076,-7.203,-7.279,-6.933,-7.251,-7.312,-7.098,-7.101,-6.983
EGFR,EGFR_decoy_L034001,decoy,development_train,-7.76,-8.397,-7.297,-8.31,-8.406,-8.353,-8.895,-7.894,-8.404,-7.337,-7.628,-7.453
EGFR,EGFR_decoy_L034028,decoy,development_train,-8.048,-9.19,-7.497,-9.392,-9.627,-8.958,-8.999,-9.292,-8.437,-7.656,-8.005,-7.977
EGFR,EGFR_decoy_L034052,decoy,development_train,-7.077,-7.763,-6.452,-7.799,-7.76,-7.491,-7.251,-7.518,-7.66,-6.87,-6.831,-6.825
EGFR,EGFR_decoy_L034111,decoy,development_train,-8.329,-9.809,-8.042,-10.246,-10.576,-9.844,-9.293,-10.302,-10.306,-8.259,-7.94,-8.283
EGFR,EGFR_decoy_L034292,decoy,development_train,-8.247,-10.165,-8.221,-10.279,-10.548,-10.032,-10.274,-10.14,-10.411,-8.373,-8.754,-8.703
EGFR,EGFR_decoy_L034386,decoy,development_train,-8.566,-9.465,-7.539,-9.414,-9.417,-9.38,-9.473,-9.269,-8.851,-7.96,-8.196,-8.656
EGFR,EGFR_decoy_L034396,decoy,development_train,-7.984,-9.22,-7.501,-9.786,-10.007,-9.866,-9.461,-9.883,-9.898,-7.645,-8.134,-7.766
EGFR,EGFR_decoy_L034454,decoy,development_train,-7.007,-7.733,-7.208,-7.493,-7.525,-7.761,-7.737,-7.511,-7.681,-7.249,-7.961,-7.315
EGFR,EGFR_decoy_L034507,decoy,development_train,-7.428,-7.3,-7.497,-7.191,-7.245,-7.43,-7.21,-7.596,-7.272,-7.009,-7.582,-7.704
EGFR,EGFR_decoy_L034512,decoy,development_train,-6.498,-7.626,-7.155,-7.242,-7.49,-7.525,-7.615,-7.444,-7.495,-7.206,-7.541,-7.498
EGFR,EGFR_decoy_L034534,decoy,development_train,-7.91,-7.837,-7.803,-7.769,-7.732,-7.811,-7.65,-7.629,-7.809,-7.507,-7.876,-8.166
EGFR,EGFR_decoy_L034541,decoy,development_train,-7.611,-8.934,-7.878,-9.237,-9.201,-8.979,-8.875,-9.027,-9.122,-7.502,-8.442,-8.089
EGFR,EGFR_decoy_L034556,decoy,development_train,-7.08,-7.405,-7.215,-7.428,-7.323,-7.556,-7.501,-7.41,-7.426,-6.999,-7.357,-7.63
EGFR,EGFR_decoy_L034753,decoy,development_train,-7.995,-8.771,-7.909,-8.604,-8.496,-8.545,-8.469,-8.328,-8.21,-7.607,-7.849,-7.818
EGFR,EGFR_decoy_L034775,decoy,development_train,-8.716,-10.243,-8.956,-10.41,-10.795,-10.819,-10.661,-11.129,-11.669,-8.677,-8.595,-8.812
EGFR,EGFR_decoy_L034787,decoy,development_train,-8.569,-9.163,-8.391,-9.96,-9.912,-9.402,-9.032,-9.653,-9.74,-7.799,-8.084,-8.149
EGFR,EGFR_decoy_L034833,decoy,development_train,-8.851,-9.886,-8.144,-10.102,-9.693,-10.052,-9.197,-9.842,-10.02,-8.591,-7.993,-9.159
EGFR,EGFR_decoy_L034861,decoy,development_train,-9.269,-9.937,-7.636,-9.905,-9.285,-9.702,-8.892,-9.136,-9.279,-8.586,-8.232,-8.958
